Away Team Rank_current_season,Home Team Rank_current_season,Away Team Spread_current_season,Away Team Implied Odds_current_season,Home Team Spread_current_season,Home Team Implied Odds_current_season,Away Team all_games_Sample Size_current_season,Away Team all_games_Cover %_current_season,Away Team all_games_MOV_current_season,Away Team all_games_ATS +/-_current_season,Away Team is_away_Sample Size_current_season,Away Team is_away_Cover %_current_season,Away Team is_away_MOV_current_season,Away Team is_away_ATS +/-_current_season,Home Team all_games_Sample Size_current_season,Home Team all_games_Cover %_current_season,Home Team all_games_MOV_current_season,Home Team all_games_ATS +/-_current_season,Home Team is_home_Sample Size_current_season,Home Team is_home_Cover %_current_season,Home Team is_home_MOV_current_season,Home Team is_home_ATS +/-_current_season,Away Team Spread_all_time,Home Team Spread_all_time,Away Team all_games_Sample Size_all_time,Away Team all_games_Cover %_all_time,Away Team all_games_MOV_all_time,Away Team all_games_ATS +/-_all_time,Away Team is_away_Sample Size_all_time,Away Team is_away_Cover %_all_time,Away Team is_away_MOV_all_time,Away Team is_away_ATS +/-_all_time,Home Team all_games_Sample Size_all_time,Home Team all_games_Cover %_all_time,Home Team all_games_MOV_all_time,Home Team all_games_ATS +/-_all_time,Home Team is_home_Sample Size_all_time,Home Team is_home_Cover %_all_time,Home Team is_home_MOV_all_time,Home Team is_home_ATS +/-_all_time,Away Team Spread_last_10_seasons,Home Team Spread_last_10_seasons,Away Team all_games_Sample Size_last_10_seasons,Away Team all_games_Cover %_last_10_seasons,Away Team all_games_MOV_last_10_seasons,Away Team all_games_ATS +/-_last_10_seasons,Away Team is_away_Sample Size_last_10_seasons,Away Team is_away_Cover %_last_10_seasons,Away Team is_away_MOV_last_10_seasons,Away Team is_away_ATS +/-_last_10_seasons,Home Team all_games_Sample Size_last_10_seasons,Home Team all_games_Cover %_last_10_seasons,Home Team all_games_MOV_last_10_seasons,Home Team all_games_ATS +/-_last_10_seasons,Home Team is_home_Sample Size_last_10_seasons,Home Team is_home_Cover %_last_10_seasons,Home Team is_home_MOV_last_10_seasons,Home Team is_home_ATS +/-_last_10_seasons,Away Team_current_season_map,Home Team_current_season_map,Home Cover
12,20,-1.0,0.5192,1.0,0.5283,10,0.556,4.5,-0.4,6,0.667,4.7,1.5,10,0.5,-2.1,0.6,5,0.6,4.0,3.4,-1.0,1.0,1728,0.494,-2.4,-0.4,862,0.52,-4.9,0.0,1904,0.522,3.7,0.5,943,0.54,7.0,0.8,-1.0,1.0,819,0.504,-2.4,-0.3,407,0.547,-3.6,0.7,856,0.507,1.0,0.2,416,0.518,3.8,0.4,25,26,True
17,1,7.0,0.5349,-7.0,0.5122,10,0.6,2.2,4.0,3,1.0,7.3,15.0,10,0.7,12.8,4.7,5,0.6,12.0,2.1,7.0,-7.0,1816,0.489,0.8,-0.1,894,0.496,-1.9,0.2,1833,0.525,0.9,0.3,909,0.523,4.1,0.4,7.0,-7.0,888,0.506,2.9,0.2,431,0.528,1.0,0.9,863,0.523,1.1,0.3,423,0.528,4.1,1.0,12,20,False
3,26,-8.0,0.5283,8.0,0.5192,11,0.818,12.5,6.8,5,1.0,13.0,9.5,10,0.4,-5.5,-0.5,4,0.25,-10.3,-5.9,-8.0,8.0,1861,0.492,0.2,-0.3,928,0.489,-2.8,-0.5,1789,0.499,-0.4,0.1,893,0.482,1.6,-0.7,-8.0,8.0,904,0.473,0.6,-0.4,449,0.463,-1.9,-0.5,830,0.488,-1.9,-0.4,414,0.477,-0.6,-1.4,5,4,True
27,21,-1.5,0.5238,1.5,0.5238,10,0.8,-1.1,5.9,5,0.8,-3.0,8.2,10,0.2,-10.3,-10.0,5,0.4,-4.6,-3.3,-1.5,1.5,1789,0.491,-2.1,-0.4,887,0.509,-4.2,0.2,1754,0.501,-1.0,0.3,873,0.502,1.4,-0.1,-1.5,1.5,846,0.497,-2.0,0.0,415,0.532,-3.5,0.6,838,0.499,-0.4,0.4,415,0.501,1.5,0.1,2,18,False
30,10,13.0,0.5192,-13.0,0.5283,8,0.25,-13.5,-4.1,3,0.333,-16.3,-7.5,10,0.5,3.9,2.4,5,0.6,9.6,5.4,13.0,-13.0,1767,0.475,-2.4,-0.3,880,0.484,-5.5,-0.6,1819,0.495,1.3,0.2,901,0.485,4.1,0.0,13.0,-13.0,844,0.476,-2.1,-0.5,418,0.466,-5.0,-1.2,883,0.488,0.3,-0.3,434,0.487,2.8,-0.1,29,10,True
8,4,3.0,0.5283,-3.0,0.5192,10,0.444,4.0,-0.8,3,0.5,-2.7,-1.8,10,0.8,11.9,10.6,3,0.667,8.3,4.8,3.0,-3.0,1862,0.515,2.1,0.1,925,0.546,-0.6,0.4,1862,0.518,2.3,0.3,933,0.536,5.7,0.7,3.0,-3.0,876,0.513,0.6,0.4,430,0.543,-1.5,0.9,946,0.509,5.3,0.1,476,0.526,8.1,0.5,6,9,True
5,20,-1.5,0.5192,1.5,0.5283,9,0.444,3.2,0.1,6,0.333,-2.0,-4.4,9,0.222,-7.6,-6.1,4,0.0,-10.0,-11.5,-1.5,1.5,1743,0.507,-2.1,0.1,871,0.523,-4.3,0.7,1799,0.504,-1.0,0.1,890,0.509,1.6,-0.1,-1.5,1.5,832,0.504,-2.4,0.4,415,0.526,-4.1,0.9,878,0.523,0.0,0.4,431,0.558,2.9,0.8,19,22,False
18,23,-1.5,0.5283,1.5,0.5192,9,0.444,-0.9,-1.9,5,0.8,2.6,2.6,11,0.546,-2.5,2.8,6,0.5,-5.2,0.4,-1.5,1.5,1944,0.513,1.8,0.1,953,0.53,-0.9,0.3,1802,0.492,-1.1,-0.2,901,0.492,1.6,-0.2,-1.5,1.5,904,0.514,0.8,0.2,437,0.546,-1.3,0.8,813,0.49,-3.6,-0.1,404,0.501,-1.0,0.2,15,8,True
21,12,7.0,0.5283,-7.0,0.5192,10,0.6,-3.0,2.8,4,0.75,-5.8,1.6,11,0.364,1.7,1.0,4,0.75,18.3,9.0,7.0,-7.0,1624,0.493,-3.5,-0.1,814,0.494,-6.4,-0.2,1778,0.496,-1.5,-0.1,874,0.481,1.2,-0.4,7.0,-7.0,812,0.485,-2.6,-0.3,408,0.491,-4.8,-0.2,829,0.504,-3.6,-0.1,400,0.48,-1.4,-0.4,3,21,True
27,15,7.5,0.5192,-7.5,0.5283,11,0.727,-7.5,1.5,6,0.667,-9.2,0.9,10,0.3,-5.1,-6.3,4,0.25,1.3,-2.9,7.5,-7.5,1801,0.505,0.4,0.2,888,0.518,-2.3,0.5,1808,0.49,0.2,-0.5,890,0.478,2.9,-0.5,7.5,-7.5,897,0.502,2.3,0.2,436,0.506,0.0,0.4,901,0.496,2.7,-0.5,438,0.493,5.4,-0.1,27,16,True
6,29,-8.5,0.5283,8.5,0.5192,10,0.4,5.4,-1.4,4,0.5,0.3,-3.5,11,0.5,-11.1,-3.5,5,0.4,-16.8,-10.3,-8.5,8.5,1741,0.469,-1.9,-0.3,868,0.496,-4.1,0.3,1780,0.492,-1.2,-0.3,880,0.497,2.1,-0.2,-8.5,8.5,837,0.471,-1.1,-0.1,417,0.495,-3.1,0.5,865,0.49,-1.4,-0.4,423,0.492,1.5,-0.3,17,24,True
11,28,-3.5,0.5283,3.5,0.5192,10,0.3,2.1,-1.2,4,0.5,0.8,-0.5,9,0.444,-13.9,-6.8,4,0.25,-19.5,-15.1,-3.5,3.5,1814,0.501,0.5,-0.1,897,0.515,-2.2,0.1,1794,0.505,1.0,0.1,886,0.524,5.0,0.7,-3.5,3.5,861,0.491,-1.3,-0.6,422,0.496,-3.6,-0.4,860,0.514,2.2,0.4,420,0.521,5.5,0.9,23,28,False
24,2,15.0,0.5192,-15.0,0.5283,11,0.273,-5.5,-4.9,4,0.5,-5.8,-4.3,11,0.546,10.5,1.0,4,0.5,8.0,-0.9,15.0,-15.0,1817,0.482,-1.4,-0.4,908,0.471,-4.4,-0.4,1948,0.519,3.0,0.6,966,0.496,5.2,0.1,15.0,-15.0,871,0.483,-1.0,-0.6,435,0.469,-3.7,-0.8,953,0.546,4.3,1.0,467,0.531,6.3,0.6,0,1,False
6,17,7.0,0.5283,-7.0,0.5192,11,0.546,9.4,7.0,5,0.4,8.4,7.8,10,0.6,-0.3,-2.6,5,1.0,9.6,5.7,7.0,-7.0,1799,0.512,-0.4,0.3,895,0.503,-3.1,0.4,1874,0.472,0.3,-0.4,922,0.471,3.5,0.0,7.0,-7.0,859,0.507,-0.6,0.3,424,0.483,-3.2,-0.2,861,0.475,-1.8,-0.3,415,0.482,0.8,0.3,14,13,False
12,13,7.5,0.5238,-7.5,0.5238,11,0.364,2.6,-0.8,5,0.6,2.2,0.1,11,0.5,2.3,-2.4,4,0.333,4.3,-3.3,7.5,-7.5,1815,0.501,0.5,-0.1,898,0.516,-2.2,0.1,1729,0.494,-2.4,-0.4,857,0.469,0.1,-0.7,7.5,-7.5,862,0.492,-1.3,-0.6,423,0.498,-3.6,-0.4,820,0.504,-2.4,-0.3,403,0.463,-1.1,-1.2,23,25,True
16,10,4.5,0.5238,-4.5,0.5238,11,0.636,1.5,3.7,4,1.0,4.0,11.4,11,0.546,4.9,2.5,6,0.667,10.5,5.0,4.5,-4.5,1817,0.49,0.8,-0.1,895,0.496,-1.9,0.2,1820,0.495,1.3,0.2,902,0.485,4.1,0.0,4.5,-4.5,889,0.507,2.9,0.2,432,0.529,0.9,0.9,884,0.489,0.3,-0.3,435,0.488,2.8,-0.1,12,10,True
15,11,-2.0,0.5192,2.0,0.5283,10,0.6,-2.6,-3.2,6,0.5,-7.2,-7.6,12,0.417,3.7,2.3,5,0.8,19.6,10.4,-2.0,2.0,1831,0.511,0.6,0.3,910,0.499,-2.7,-0.1,1779,0.497,-1.4,-0.1,875,0.482,1.2,-0.4,-2.0,2.0,857,0.516,0.4,0.5,423,0.508,-2.3,0.1,830,0.504,-3.6,-0.1,401,0.481,-1.4,-0.3,11,21,True
23,14,5.5,0.5349,-5.5,0.5122,12,0.583,-2.2,2.8,5,0.6,0.6,5.6,11,0.364,-3.4,-5.3,5,0.4,3.8,-1.3,5.5,-5.5,1803,0.492,-1.1,-0.2,899,0.494,-3.8,-0.1,1809,0.491,0.2,-0.5,891,0.479,2.9,-0.5,5.5,-5.5,814,0.491,-3.6,-0.1,407,0.481,-6.1,-0.3,902,0.496,2.7,-0.5,439,0.494,5.4,-0.1,8,16,
2,25,-8.5,0.5283,8.5,0.5192,12,0.5,9.6,-0.5,7,0.571,12.0,2.1,11,0.818,-0.8,5.4,5,0.8,0.8,3.6,-8.5,8.5,1949,0.519,3.0,0.6,955,0.542,0.6,1.1,1790,0.492,-2.1,-0.4,886,0.472,0.0,-1.0,-8.5,8.5,954,0.545,4.3,1.0,459,0.559,2.2,1.2,847,0.498,-2.0,0.0,416,0.461,-0.3,-0.6,1,2,False
9,28,-9.0,0.5238,9.0,0.5238,11,0.364,3.6,-3.3,5,0.4,-2.6,-7.4,12,0.546,-9.0,-1.3,6,0.5,-11.7,-4.8,-9.0,9.0,1742,0.468,-1.9,-0.4,869,0.495,-4.1,0.3,1781,0.493,-1.2,-0.3,881,0.498,2.1,-0.2,-9.0,9.0,838,0.471,-1.2,-0.1,418,0.494,-3.1,0.5,866,0.491,-1.4,-0.4,424,0.493,1.6,-0.2,17,24,True
26,5,8.0,0.5122,-8.0,0.5349,11,0.455,-5.5,-0.2,6,0.5,-2.3,3.2,10,0.5,4.1,0.9,3,0.667,13.7,9.0,8.0,-8.0,1790,0.499,-0.4,0.1,894,0.516,-2.5,0.8,1744,0.507,-2.1,0.2,870,0.491,0.0,-0.4,8.0,-8.0,831,0.489,-1.9,-0.4,414,0.5,-3.2,0.5,833,0.504,-2.4,0.4,415,0.482,-0.7,-0.1,4,19,False
3,20,-9.5,0.5238,9.5,0.5238,12,0.75,12.0,6.0,6,0.833,11.8,7.5,10,0.2,-8.0,-6.3,5,0.0,-10.4,-10.9,-9.5,9.5,1862,0.491,0.2,-0.3,929,0.488,-2.8,-0.5,1800,0.504,-1.1,0.1,891,0.508,1.6,-0.1,-9.5,9.5,905,0.473,0.6,-0.4,450,0.462,-1.9,-0.5,879,0.522,0.0,0.4,432,0.556,2.9,0.8,5,22,True
21,1,14.5,0.5238,-14.5,0.5238,11,0.182,-9.5,-9.1,5,0.0,-16.0,-16.6,11,0.636,12.2,4.2,6,0.5,11.0,1.7,14.5,-14.5,1755,0.501,-1.0,0.3,872,0.503,-3.3,0.7,1834,0.525,0.9,0.3,910,0.522,4.1,0.4,14.5,-14.5,839,0.499,-0.4,0.4,414,0.504,-2.1,0.9,864,0.522,1.1,0.3,424,0.526,4.2,1.0,18,20,True
30,19,9.5,0.5192,-9.5,0.5283,9,0.222,-13.7,-3.9,4,0.25,-16.0,-6.4,11,0.546,-0.1,2.5,6,0.667,6.7,6.6,9.5,-9.5,1768,0.474,-2.4,-0.3,881,0.483,-5.5,-0.6,1905,0.522,3.7,0.5,944,0.54,7.0,0.8,9.5,-9.5,845,0.476,-2.1,-0.5,419,0.465,-5.0,-1.2,857,0.507,1.0,0.2,417,0.519,3.8,0.4,29,26,False
7,29,-9.5,0.5283,9.5,0.5192,11,0.4,3.4,-0.7,4,0.333,-2.8,-1.5,10,0.4,-13.3,-6.4,5,0.2,-17.2,-12.6,-9.5,9.5,1863,0.514,2.0,0.1,926,0.545,-0.6,0.4,1795,0.505,1.0,0.1,887,0.524,5.0,0.7,-9.5,9.5,877,0.512,0.6,0.4,431,0.541,-1.6,0.9,861,0.513,2.2,0.4,421,0.52,5.4,0.9,6,28,True
11,12,-1.5,0.5283,1.5,0.5192,12,0.333,2.7,-4.5,6,0.333,-3.5,-9.2,12,0.546,4.0,-1.0,5,0.5,8.0,0.4,-1.5,1.5,1743,0.468,-1.9,-0.4,870,0.495,-4.1,0.2,1730,0.494,-2.4,-0.4,858,0.47,0.2,-0.7,-1.5,1.5,839,0.47,-1.2,-0.1,419,0.493,-3.1,0.4,821,0.504,-2.4,-0.3,404,0.464,-1.0,-1.2,17,25,False
6,4,7.5,0.5283,-7.5,0.5192,12,0.583,8.2,6.6,6,0.5,6.2,6.8,11,0.818,11.1,9.6,4,0.75,7.0,3.8,7.5,-7.5,1800,0.512,-0.4,0.3,896,0.503,-3.1,0.4,1863,0.518,2.3,0.3,934,0.537,5.7,0.7,7.5,-7.5,860,0.508,-0.6,0.3,425,0.485,-3.2,-0.2,947,0.51,5.3,0.1,477,0.527,8.1,0.5,14,9,False
17,8,4.5,0.5192,-4.5,0.5283,12,0.583,0.7,3.1,5,0.8,1.6,8.5,12,0.583,5.2,2.5,7,0.714,10.1,4.7,4.5,-4.5,1818,0.489,0.8,-0.1,896,0.496,-1.9,0.2,1821,0.495,1.3,0.2,903,0.486,4.1,0.0,4.5,-4.5,890,0.506,2.9,0.2,433,0.528,0.9,0.9,885,0.489,0.3,-0.3,436,0.49,2.8,-0.1,12,10,True
18,16,4.0,0.5192,-4.0,0.5283,10,0.4,-1.0,-2.1,6,0.667,1.8,1.6,11,0.546,-2.7,-3.2,4,0.75,4.3,3.4,4.0,-4.0,1945,0.513,1.8,0.1,954,0.529,-0.9,0.3,1832,0.511,0.6,0.3,906,0.523,4.1,0.8,4.0,-4.0,905,0.514,0.8,0.2,438,0.544,-1.3,0.8,858,0.516,0.4,0.5,419,0.526,3.2,0.9,15,11,False
15,19,-3.0,0.5283,3.0,0.5192,11,0.546,0.2,-2.5,5,0.2,-10.2,-10.9,12,0.5,0.7,2.3,7,0.571,7.0,5.6,-3.0,3.0,1875,0.472,0.3,-0.4,921,0.474,-3.1,-0.9,1906,0.522,3.7,0.5,945,0.54,7.0,0.8,-3.0,3.0,862,0.474,-1.8,-0.3,415,0.468,-4.9,-0.9,858,0.507,1.0,0.2,418,0.518,3.9,0.4,13,26,False
13,1,7.5,0.5192,-7.5,0.5283,12,0.333,0.5,-2.0,6,0.5,-2.0,-2.4,12,0.667,12.7,4.2,7,0.571,12.0,1.9,7.5,-7.5,1816,0.501,0.5,-0.1,899,0.515,-2.2,0.1,1835,0.525,0.9,0.3,911,0.523,4.1,0.4,7.5,-7.5,863,0.491,-1.3,-0.6,424,0.496,-3.6,-0.4,865,0.523,1.1,0.3,425,0.528,4.2,1.0,23,20,True
9,21,-4.5,0.5238,4.5,0.5238,10,0.444,2.9,-1.1,3,0.333,1.3,-2.2,12,0.167,-10.3,-8.6,6,0.333,-4.2,-2.8,-4.5,4.5,1841,0.514,1.9,0.2,904,0.502,-2.0,-0.3,1756,0.501,-1.0,0.3,874,0.502,1.4,-0.1,-4.5,4.5,891,0.498,1.6,-0.1,427,0.493,-1.7,-0.6,840,0.498,-0.4,0.4,416,0.5,1.5,0.1,7,18,True
27,5,9.5,0.5238,-9.5,0.5238,12,0.75,-2.8,3.7,6,0.833,-2.2,6.9,11,0.455,3.6,0.0,4,0.5,10.0,4.4,9.5,-9.5,1791,0.491,-2.1,-0.4,888,0.51,-4.2,0.2,1745,0.507,-2.1,0.1,871,0.491,0.0,-0.4,9.5,-9.5,848,0.497,-2.0,0.0,416,0.533,-3.5,0.6,834,0.504,-2.4,0.4,416,0.481,-0.7,-0.1,2,19,False
20,10,2.5,0.5238,-2.5,0.5238,11,0.273,-8.0,-5.5,5,0.4,-5.6,-1.7,13,0.462,3.7,2.3,6,0.833,17.0,9.2,2.5,-2.5,1801,0.504,-1.1,0.1,896,0.503,-3.7,0.2,1780,0.497,-1.4,-0.1,876,0.483,1.2,-0.4,2.5,-2.5,880,0.523,0.0,0.4,434,0.494,-2.9,0.1,831,0.505,-3.6,-0.1,402,0.482,-1.4,-0.3,22,21,True
23,26,-1.5,0.5192,1.5,0.5283,13,0.583,-2.5,2.6,6,0.6,-0.7,4.7,12,0.667,-8.0,1.0,5,0.8,-5.4,2.3,-1.5,1.5,1804,0.492,-1.1,-0.2,900,0.494,-3.8,-0.1,1802,0.505,0.4,0.2,893,0.491,3.0,-0.1,-1.5,1.5,815,0.491,-3.6,-0.1,408,0.481,-6.1,-0.3,898,0.502,2.3,0.2,441,0.497,4.6,0.0,8,27,False
24,3,10.5,0.5192,-10.5,0.5283,12,0.5,-5.0,0.6,7,0.571,-1.9,4.1,13,0.692,11.7,5.3,6,0.667,12.2,4.6,10.5,-10.5,1791,0.5,-0.4,0.1,895,0.517,-2.5,0.8,1863,0.491,0.2,-0.3,932,0.494,3.2,-0.1,10.5,-10.5,832,0.49,-1.9,-0.4,415,0.501,-3.2,0.5,906,0.472,0.6,-0.4,454,0.482,2.9,-0.4,4,5,True
30,22,9.0,0.5192,-9.0,0.5283,10,0.3,-13.2,-3.5,5,0.4,-14.6,-5.0,12,0.333,-5.0,-3.1,7,0.143,-5.4,-5.3,9.0,-9.0,1769,0.475,-2.4,-0.3,882,0.484,-5.5,-0.6,1818,0.483,-1.4,-0.4,907,0.495,1.5,-0.4,9.0,-9.0,846,0.477,-2.1,-0.5,420,0.466,-5.0,-1.2,872,0.484,-1.0,-0.6,435,0.499,1.8,-0.4,29,0,True
19,8,10.5,0.5192,-10.5,0.5283,13,0.462,0.2,1.9,5,0.4,-8.2,-2.3,12,0.364,2.9,-1.5,7,0.429,6.9,-0.3,10.5,-10.5,1907,0.522,3.7,0.5,947,0.507,0.6,0.3,1864,0.514,2.0,0.1,921,0.485,4.9,-0.2,10.5,-10.5,859,0.506,1.0,0.2,426,0.499,-1.7,0.0,878,0.512,0.6,0.4,430,0.487,2.9,0.0,26,6,True
15,24,-3.5,0.5283,3.5,0.5192,12,0.364,-2.5,-4.8,6,0.333,-9.3,-8.6,11,0.546,-5.0,1.1,6,0.5,-1.2,3.6,-3.5,3.5,1810,0.491,0.2,-0.5,897,0.504,-2.6,-0.3,1625,0.493,-3.5,-0.1,809,0.491,-0.6,0.0,-3.5,3.5,903,0.496,2.7,-0.5,442,0.501,0.1,-0.6,813,0.484,-2.7,-0.3,403,0.477,-0.4,-0.4,16,3,True
14,21,-7.0,0.5192,7.0,0.5283,12,0.583,0.6,-2.1,6,0.333,-7.7,-8.7,13,0.231,-8.9,-7.3,7,0.429,-2.6,-1.1,-7.0,7.0,1876,0.472,0.3,-0.4,922,0.474,-3.1,-0.9,1757,0.501,-1.0,0.3,875,0.502,1.4,-0.1,-7.0,7.0,863,0.475,-1.8,-0.3,416,0.47,-4.9,-0.9,841,0.499,-0.4,0.4,417,0.501,1.5,0.1,13,18,True
29,12,10.5,0.5122,-10.5,0.5349,11,0.455,-11.9,-4.9,5,0.6,-9.4,-0.1,13,0.5,3.4,-1.1,6,0.4,6.0,-0.1,10.5,-10.5,1796,0.505,1.0,0.1,892,0.488,-2.9,-0.5,1731,0.494,-2.4,-0.4,859,0.469,0.2,-0.7,10.5,-10.5,862,0.514,2.2,0.5,424,0.512,-1.0,0.0,822,0.504,-2.4,-0.3,405,0.463,-1.0,-1.2,28,25,False
27,2,16.5,0.5192,-16.5,0.5283,13,0.615,-7.7,0.8,7,0.571,-9.9,0.1,13,0.539,10.8,0.7,5,0.4,6.2,-4.1,16.5,-16.5,1803,0.505,0.4,0.2,889,0.518,-2.3,0.5,1950,0.519,3.0,0.6,967,0.495,5.2,0.1,16.5,-16.5,899,0.501,2.3,0.2,437,0.505,-0.1,0.4,955,0.546,4.3,1.0,468,0.53,6.3,0.6,27,1,False
11,6,5.5,0.5283,-5.5,0.5192,11,0.4,2.0,-1.8,4,0.25,-0.8,-3.9,13,0.615,7.2,6.2,6,0.667,10.2,6.3,5.5,-5.5,1842,0.514,1.9,0.2,905,0.502,-2.0,-0.3,1801,0.512,-0.4,0.3,895,0.523,2.4,0.2,5.5,-5.5,892,0.498,1.6,-0.1,428,0.492,-1.7,-0.7,861,0.508,-0.6,0.3,426,0.535,2.1,0.7,7,14,True
13,10,7.5,0.5349,-7.5,0.5122,13,0.308,-0.8,-2.5,7,0.429,-4.0,-3.3,13,0.385,2.8,-4.0,6,0.333,8.8,0.1,7.5,-7.5,1817,0.501,0.5,-0.1,900,0.515,-2.2,0.1,1744,0.468,-1.9,-0.4,871,0.441,0.4,-1.0,7.5,-7.5,864,0.491,-1.3,-0.6,425,0.495,-3.7,-0.4,840,0.471,-1.2,-0.1,418,0.448,0.8,-0.7,23,17,False
16,17,3.5,0.5192,-3.5,0.5283,11,0.455,0.3,-0.3,7,0.714,3.4,3.9,12,0.5,-3.6,-4.4,5,0.6,0.8,-0.8,3.5,-3.5,1946,0.513,1.8,0.1,955,0.529,-0.9,0.3,1833,0.51,0.6,0.3,907,0.523,4.0,0.8,3.5,-3.5,906,0.514,0.8,0.2,439,0.545,-1.2,0.8,859,0.515,0.3,0.4,420,0.525,3.2,0.9,15,11,True
8,1,7.5,0.5238,-7.5,0.5238,13,0.417,4.0,-1.1,5,0.25,-2.6,-3.1,13,0.692,12.9,4.5,8,0.625,12.5,2.8,7.5,-7.5,1865,0.514,2.1,0.1,927,0.544,-0.6,0.4,1836,0.525,1.0,0.3,912,0.523,4.1,0.4,7.5,-7.5,879,0.512,0.6,0.4,432,0.54,-1.6,0.8,866,0.524,1.1,0.4,426,0.529,4.2,1.0,6,20,False
26,5,9.5,0.5238,-9.5,0.5238,13,0.769,-2.8,3.9,7,0.857,-2.1,6.9,12,0.417,3.5,-0.6,5,0.4,8.4,2.2,9.5,-9.5,1792,0.492,-2.1,-0.4,889,0.51,-4.2,0.2,1746,0.507,-2.1,0.1,872,0.49,0.0,-0.4,9.5,-9.5,849,0.498,-2.0,0.0,417,0.534,-3.5,0.6,835,0.503,-2.4,0.4,417,0.479,-0.7,-0.1,2,19,
7,25,-4.5,0.5283,4.5,0.5192,13,0.615,6.4,3.5,5,0.4,-1.8,-0.6,13,0.462,-6.0,0.0,5,0.4,-9.4,-4.2,-4.5,4.5,1822,0.496,1.3,0.2,897,0.506,-1.4,0.4,1792,0.499,-0.4,0.1,894,0.483,1.6,-0.7,-4.5,4.5,886,0.49,0.3,-0.3,428,0.492,-2.2,-0.4,833,0.489,-1.9,-0.4,415,0.478,-0.6,-1.4,10,4,False
22,28,-3.5,0.5283,3.5,0.5192,13,0.385,-3.7,-2.7,5,0.6,-4.4,0.0,13,0.583,-7.7,0.2,7,0.571,-8.9,-1.5,-3.5,3.5,1819,0.483,-1.4,-0.4,909,0.471,-4.4,-0.4,1782,0.493,-1.2,-0.3,882,0.498,2.1,-0.1,-3.5,3.5,873,0.484,-0.9,-0.6,436,0.47,-3.7,-0.7,867,0.491,-1.4,-0.4,425,0.494,1.6,-0.2,0,24,True
24,3,11.5,0.5238,-11.5,0.5238,12,0.583,-4.5,1.4,5,0.6,-9.6,-1.9,14,0.714,12.1,5.5,7,0.714,13.0,5.1,11.5,-11.5,1626,0.493,-3.5,-0.1,815,0.494,-6.4,-0.2,1864,0.491,0.2,-0.3,933,0.494,3.2,-0.1,11.5,-11.5,814,0.485,-2.6,-0.3,409,0.49,-4.9,-0.3,907,0.473,0.6,-0.4,455,0.483,3.0,-0.4,3,5,True
23,30,-5.5,0.5238,5.5,0.5238,14,0.615,-2.1,2.5,7,0.667,0.0,4.2,11,0.273,-13.1,-3.4,5,0.2,-11.8,-2.0,-5.5,5.5,1805,0.493,-1.1,-0.2,901,0.494,-3.7,-0.1,1770,0.474,-2.4,-0.3,878,0.468,0.7,0.0,-5.5,5.5,816,0.491,-3.6,-0.1,409,0.482,-6.1,-0.3,847,0.476,-2.1,-0.5,417,0.493,0.9,0.2,8,29,False
29,18,9.5,0.5122,-9.5,0.5349,12,0.5,-11.3,-4.3,6,0.667,-8.5,0.4,13,0.539,-1.0,1.7,7,0.429,0.0,-0.7,9.5,-9.5,1797,0.505,1.0,0.1,893,0.489,-2.9,-0.5,1819,0.489,0.7,-0.1,899,0.483,3.3,-0.4,9.5,-9.5,863,0.514,2.2,0.5,425,0.513,-1.0,0.0,891,0.506,2.8,0.1,436,0.482,4.7,-0.5,28,12,True
9,13,-2.0,0.5283,2.0,0.5192,14,0.5,4.3,2.8,7,0.143,-7.7,-3.6,14,0.357,-0.9,-2.0,6,0.167,3.0,-1.6,-2.0,2.0,1781,0.497,-1.4,-0.1,887,0.51,-4.0,0.0,1818,0.501,0.5,-0.1,906,0.483,3.1,-0.5,-2.0,2.0,832,0.506,-3.5,-0.1,412,0.526,-5.7,0.0,865,0.491,-1.3,-0.6,428,0.477,0.7,-1.1,21,23,False
5,15,4.0,0.5192,-4.0,0.5283,14,0.643,8.5,5.5,6,0.5,4.5,4.7,13,0.333,-2.4,-4.8,6,0.4,4.3,-1.1,4.0,-4.0,1823,0.496,1.4,0.2,898,0.507,-1.4,0.4,1811,0.49,0.2,-0.5,892,0.479,2.9,-0.5,4.0,-4.0,887,0.49,0.4,-0.2,429,0.493,-2.1,-0.4,904,0.496,2.7,-0.5,440,0.494,5.4,-0.1,10,16,False
4,18,-4.0,0.5283,4.0,0.5192,12,0.75,10.6,8.7,7,0.857,13.4,13.0,14,0.571,-0.1,1.6,8,0.5,1.4,-0.4,-4.0,4.0,1864,0.518,2.3,0.3,928,0.498,-1.2,-0.1,1820,0.489,0.7,-0.1,900,0.483,3.3,-0.4,-4.0,4.0,948,0.509,5.3,0.1,469,0.491,2.3,-0.4,892,0.506,2.9,0.1,437,0.483,4.7,-0.5,9,12,True
17,26,-4.5,0.5192,4.5,0.5283,13,0.539,-2.6,-3.6,7,0.429,-6.7,-6.9,14,0.643,-7.4,1.7,6,0.667,-5.2,1.7,-4.5,4.5,1834,0.511,0.6,0.3,911,0.499,-2.7,-0.1,1804,0.505,0.4,0.2,894,0.491,3.0,-0.1,-4.5,4.5,860,0.515,0.4,0.4,424,0.507,-2.3,0.1,900,0.502,2.3,0.2,442,0.495,4.6,0.0,11,27,True
23,12,4.5,0.5238,-4.5,0.5238,14,0.357,-3.7,-3.0,6,0.5,-4.3,-1.3,14,0.462,3.4,-1.2,7,0.333,5.7,-0.5,4.5,-4.5,1820,0.483,-1.4,-0.4,910,0.471,-4.4,-0.4,1732,0.494,-2.4,-0.4,860,0.468,0.2,-0.7,4.5,-4.5,874,0.484,-0.9,-0.6,437,0.469,-3.7,-0.7,823,0.503,-2.4,-0.3,406,0.462,-1.0,-1.2,0,25,False
20,16,3.0,0.5192,-3.0,0.5283,12,0.25,-8.3,-5.8,6,0.333,-6.7,-3.0,12,0.417,-0.5,-0.8,4,0.0,-5.3,-7.6,3.0,-3.0,1802,0.504,-1.1,0.1,897,0.502,-3.7,0.2,1947,0.513,1.8,0.1,960,0.491,4.5,-0.2,3.0,-3.0,881,0.522,-0.1,0.4,435,0.493,-2.9,0.1,907,0.514,0.8,0.2,436,0.47,2.8,-0.7,22,15,True
27,21,4.5,0.5283,-4.5,0.5192,14,0.429,-8.1,-2.3,8,0.5,-3.9,2.6,15,0.643,-0.6,3.4,7,0.571,-4.1,0.9,4.5,-4.5,1793,0.499,-0.5,0.0,896,0.516,-2.5,0.8,1806,0.493,-1.1,-0.1,902,0.492,1.6,-0.2,4.5,-4.5,834,0.488,-1.9,-0.5,416,0.5,-3.2,0.5,817,0.492,-3.6,-0.1,405,0.503,-1.0,0.2,4,8,False
30,6,14.0,0.5283,-14.0,0.5192,12,0.25,-13.7,-4.4,6,0.333,-14.2,-4.6,13,0.417,4.0,-0.5,6,0.4,8.7,1.8,14.0,-14.0,1771,0.474,-2.4,-0.3,883,0.483,-5.5,-0.6,1747,0.507,-2.1,0.1,873,0.49,0.0,-0.4,14.0,-14.0,848,0.475,-2.2,-0.5,421,0.465,-5.0,-1.2,836,0.503,-2.4,0.4,418,0.479,-0.7,-0.1,29,19,True
3,2,4.5,0.5192,-4.5,0.5283,15,0.733,12.3,5.4,7,0.714,11.3,6.0,14,0.5,10.2,-0.3,6,0.333,5.7,-5.7,4.5,-4.5,1865,0.492,0.2,-0.3,930,0.488,-2.8,-0.5,1951,0.519,3.0,0.6,968,0.495,5.2,0.1,4.5,-4.5,908,0.474,0.6,-0.4,451,0.461,-1.8,-0.5,956,0.545,4.3,1.0,469,0.528,6.2,0.5,5,1,False
11,7,4.0,0.5192,-4.0,0.5283,12,0.364,0.6,-2.4,5,0.2,-3.6,-4.9,14,0.643,7.7,6.4,7,0.714,10.9,6.7,4.0,-4.0,1843,0.514,1.9,0.1,906,0.501,-2.0,-0.3,1802,0.513,-0.4,0.3,896,0.523,2.4,0.2,4.0,-4.0,893,0.497,1.5,-0.1,429,0.491,-1.8,-0.7,862,0.509,-0.6,0.3,427,0.536,2.1,0.7,7,14,False
1,19,-8.5,0.5238,8.5,0.5238,14,0.643,11.9,3.5,5,0.8,13.6,7.3,14,0.429,-1.0,1.5,8,0.5,5.5,4.6,-8.5,8.5,1837,0.525,1.0,0.3,906,0.526,-2.1,0.2,1908,0.521,3.7,0.5,946,0.539,7.0,0.8,-8.5,8.5,867,0.523,1.1,0.3,424,0.519,-1.8,-0.2,860,0.505,1.0,0.2,419,0.517,3.8,0.4,20,26,True
21,8,12.0,0.5283,-12.0,0.5192,14,0.286,-8.6,-6.5,6,0.0,-16.3,-14.4,14,0.462,3.9,-0.3,8,0.5,8.1,0.2,12.0,-12.0,1758,0.501,-1.0,0.3,873,0.502,-3.3,0.7,1866,0.515,2.1,0.1,922,0.486,4.9,-0.2,12.0,-12.0,842,0.499,-0.4,0.4,415,0.503,-2.1,0.9,880,0.513,0.6,0.4,431,0.488,3.0,0.0,18,6,True
24,26,3.0,0.5283,-3.0,0.5192,13,0.539,-5.2,1.0,6,0.5,-10.3,-2.3,14,0.769,-3.3,3.6,6,0.667,-3.5,0.5,3.0,-3.0,1627,0.493,-3.5,-0.1,816,0.493,-6.4,-0.2,1793,0.492,-2.1,-0.4,887,0.471,0.0,-1.0,3.0,-3.0,815,0.484,-2.7,-0.3,410,0.489,-4.9,-0.3,850,0.498,-2.0,0.0,417,0.46,-0.3,-0.7,3,2,False
29,14,11.0,0.5283,-11.0,0.5192,13,0.462,-11.2,-4.0,7,0.571,-8.9,0.1,13,0.539,0.9,-2.2,6,0.833,8.8,4.4,11.0,-11.0,1798,0.505,1.0,0.1,894,0.488,-2.9,-0.5,1877,0.472,0.3,-0.4,923,0.471,3.5,0.0,11.0,-11.0,864,0.514,2.1,0.5,426,0.512,-1.0,0.0,864,0.474,-1.8,-0.3,416,0.481,0.8,0.3,28,13,False
7,13,-5.0,0.5283,5.0,0.5192,14,0.462,5.7,0.5,7,0.429,0.0,-2.6,15,0.333,-1.5,-2.2,7,0.143,1.1,-2.1,-5.0,5.0,1748,0.507,-2.1,0.1,872,0.523,-4.3,0.7,1819,0.501,0.5,-0.1,907,0.482,3.1,-0.5,-5.0,5.0,837,0.504,-2.4,0.4,416,0.527,-4.1,1.0,866,0.491,-1.3,-0.6,429,0.475,0.7,-1.1,19,23,False
9,17,-2.5,0.5238,2.5,0.5238,15,0.533,4.7,3.0,8,0.25,-5.5,-2.4,15,0.6,0.1,2.1,9,0.556,1.6,0.6,-2.5,2.5,1782,0.497,-1.4,-0.1,888,0.511,-4.0,0.1,1821,0.49,0.7,-0.1,901,0.484,3.3,-0.4,-2.5,2.5,833,0.506,-3.5,-0.1,413,0.527,-5.7,0.1,893,0.507,2.9,0.2,438,0.484,4.7,-0.5,21,12,True
18,6,6.5,0.5283,-6.5,0.5192,14,0.5,-3.2,-4.4,8,0.375,-7.3,-7.8,15,0.667,7.9,5.3,8,0.75,11.5,6.1,6.5,-6.5,1835,0.51,0.6,0.3,912,0.498,-2.7,-0.1,1824,0.496,1.4,0.2,904,0.487,4.1,0.1,6.5,-6.5,861,0.515,0.3,0.4,425,0.506,-2.3,0.0,888,0.491,0.4,-0.2,437,0.491,2.9,-0.1,11,10,True
26,16,8.0,0.5283,-8.0,0.5192,15,0.467,-6.9,-1.2,9,0.556,-2.3,3.8,14,0.308,-2.1,-4.7,7,0.333,3.9,-1.3,8.0,-8.0,1794,0.499,-0.4,0.0,897,0.516,-2.5,0.8,1812,0.49,0.2,-0.5,893,0.478,2.9,-0.5,8.0,-8.0,835,0.489,-1.9,-0.4,417,0.501,-3.2,0.6,905,0.495,2.7,-0.5,441,0.493,5.4,-0.1,4,16,True
20,8,-3.0,0.5283,3.0,0.5192,13,0.231,-9.0,-6.5,7,0.286,-8.1,-4.6,15,0.6,6.4,4.8,8,0.625,8.0,3.6,-3.0,3.0,1803,0.504,-1.1,0.1,898,0.502,-3.7,0.2,1803,0.512,-0.4,0.3,897,0.523,2.4,0.1,-3.0,3.0,882,0.521,-0.1,0.4,436,0.492,-2.9,0.0,863,0.508,-0.6,0.3,428,0.534,2.1,0.7,22,14,True
22,4,8.5,0.5238,-8.5,0.5238,15,0.4,-3.4,-2.5,7,0.571,-3.6,-0.4,13,0.692,9.5,7.3,5,0.6,6.6,2.6,8.5,-8.5,1821,0.483,-1.4,-0.4,911,0.471,-4.4,-0.4,1865,0.517,2.3,0.3,935,0.536,5.7,0.7,8.5,-8.5,875,0.484,-0.9,-0.6,438,0.47,-3.7,-0.7,949,0.509,5.3,0.1,478,0.526,8.1,0.5,0,9,True
28,1,12.5,0.5238,-12.5,0.5238,14,0.615,-6.9,0.7,6,0.6,-6.3,2.1,15,0.6,10.7,2.2,9,0.556,10.9,1.4,12.5,-12.5,1783,0.493,-1.2,-0.3,885,0.487,-4.5,-0.4,1838,0.525,1.0,0.3,913,0.523,4.1,0.4,12.5,-12.5,868,0.492,-1.3,-0.4,427,0.487,-4.2,-0.6,868,0.522,1.1,0.3,427,0.527,4.2,1.0,24,20,False
24,3,13.5,0.5283,-13.5,0.5192,15,0.267,-10.8,-8.0,7,0.0,-19.9,-16.4,16,0.75,11.3,5.3,8,0.75,13.1,4.9,13.5,-13.5,1759,0.501,-1.0,0.2,874,0.502,-3.4,0.7,1866,0.492,0.2,-0.3,934,0.495,3.2,-0.1,13.5,-13.5,843,0.499,-0.4,0.4,416,0.501,-2.2,0.9,909,0.474,0.6,-0.4,456,0.484,3.0,-0.3,18,5,True
10,14,5.5,0.5283,-5.5,0.5192,16,0.5,3.7,1.9,9,0.222,-6.1,-3.7,14,0.5,1.3,-2.4,7,0.714,8.4,3.1,5.5,-5.5,1783,0.497,-1.4,-0.1,889,0.51,-4.0,0.0,1878,0.472,0.3,-0.4,924,0.47,3.5,0.0,5.5,-5.5,834,0.506,-3.5,-0.1,414,0.526,-5.7,0.0,865,0.474,-1.8,-0.3,417,0.479,0.8,0.2,21,13,False
11,24,-7.5,0.5192,7.5,0.5283,14,0.357,2.8,-4.0,7,0.429,-2.4,-7.5,15,0.667,-6.1,2.5,7,0.714,-2.9,3.4,-7.5,7.5,1745,0.468,-1.9,-0.4,871,0.495,-4.1,0.2,1805,0.505,0.4,0.2,895,0.491,3.0,-0.1,-7.5,7.5,841,0.47,-1.1,-0.1,420,0.494,-3.1,0.5,901,0.502,2.3,0.2,443,0.497,4.6,0.0,17,27,True
21,22,-1.0,0.5192,1.0,0.5283,16,0.6,-1.2,2.3,8,0.714,2.5,5.6,14,0.571,-4.9,1.0,7,0.571,-0.9,3.8,-1.0,1.0,1807,0.493,-1.1,-0.2,902,0.495,-3.7,0.0,1628,0.493,-3.5,-0.1,810,0.491,-0.6,0.0,-1.0,1.0,818,0.491,-3.6,-0.1,410,0.484,-6.0,-0.3,816,0.485,-2.7,-0.3,404,0.479,-0.4,-0.4,8,3,True
29,19,3.0,0.5283,-3.0,0.5192,14,0.5,-10.9,-3.4,8,0.625,-8.5,0.7,15,0.467,-0.5,2.5,9,0.556,5.6,5.8,3.0,-3.0,1799,0.505,1.0,0.1,895,0.489,-2.9,-0.5,1909,0.522,3.7,0.5,947,0.539,7.0,0.8,3.0,-3.0,865,0.514,2.1,0.5,427,0.513,-1.0,0.1,861,0.506,1.0,0.2,420,0.518,3.8,0.4,28,26,True
7,10,3.0,0.5349,-3.0,0.5122,15,0.5,6.3,1.6,6,0.4,-1.8,-1.0,13,0.417,1.5,-0.8,7,0.5,3.6,-0.6,3.0,-3.0,1867,0.515,2.1,0.1,928,0.545,-0.6,0.4,1844,0.514,1.9,0.2,909,0.523,5.9,0.6,3.0,-3.0,881,0.513,0.6,0.4,433,0.541,-1.5,0.9,894,0.498,1.6,-0.1,436,0.495,5.0,0.3,6,7,False
12,17,-3.0,0.5238,3.0,0.5238,15,0.429,3.1,-1.5,7,0.571,1.1,-1.9,16,0.625,0.8,2.8,10,0.6,2.5,1.9,-3.0,3.0,1733,0.494,-2.4,-0.4,863,0.52,-4.9,0.0,1822,0.49,0.8,-0.1,902,0.484,3.3,-0.4,-3.0,3.0,824,0.503,-2.4,-0.3,408,0.546,-3.6,0.7,894,0.507,2.9,0.2,439,0.485,4.7,-0.4,25,12,True
18,13,5.5,0.5349,-5.5,0.5122,15,0.467,-4.1,-4.8,9,0.333,-8.3,-8.2,15,0.357,-0.9,-3.9,8,0.429,5.4,-0.3,5.5,-5.5,1836,0.51,0.6,0.3,913,0.498,-2.7,-0.1,1813,0.49,0.2,-0.5,894,0.479,3.0,-0.5,5.5,-5.5,862,0.514,0.3,0.4,426,0.505,-2.4,0.0,906,0.496,2.7,-0.5,442,0.494,5.4,-0.1,11,16,True
26,20,5.0,0.5238,-5.0,0.5238,15,0.714,-3.0,3.4,8,0.857,-3.1,6.0,14,0.214,-8.8,-6.8,6,0.167,-10.0,-8.6,5.0,-5.0,1794,0.491,-2.1,-0.4,890,0.51,-4.2,0.2,1804,0.503,-1.1,0.1,892,0.509,1.6,-0.1,5.0,-5.0,851,0.497,-2.0,0.0,418,0.534,-3.5,0.6,883,0.521,-0.1,0.4,433,0.557,2.9,0.8,2,22,True
4,25,-10.5,0.5283,10.5,0.5192,14,0.714,10.5,8.0,8,0.75,11.4,10.3,16,0.25,-11.9,-8.3,8,0.5,-2.9,-0.6,-10.5,10.5,1866,0.518,2.3,0.3,929,0.498,-1.2,-0.1,1760,0.501,-1.0,0.2,876,0.503,1.4,-0.1,-10.5,10.5,950,0.509,5.3,0.1,470,0.49,2.3,-0.4,844,0.498,-0.5,0.4,418,0.502,1.5,0.1,9,18,True
24,27,-1.0,0.5283,1.0,0.5192,16,0.375,-4.6,-3.3,8,0.5,-6.0,-2.4,16,0.438,-7.5,-1.5,6,0.333,-13.8,-8.7,-1.0,1.0,1822,0.483,-1.5,-0.4,912,0.471,-4.4,-0.4,1795,0.499,-0.5,0.0,895,0.483,1.6,-0.7,-1.0,1.0,876,0.484,-1.0,-0.6,439,0.469,-3.7,-0.8,836,0.489,-1.9,-0.4,416,0.477,-0.7,-1.5,0,4,True
28,6,12.5,0.5283,-12.5,0.5192,15,0.643,-7.1,0.9,7,0.667,-6.9,2.2,16,0.688,8.4,5.7,9,0.778,12.1,6.7,12.5,-12.5,1784,0.494,-1.2,-0.3,886,0.487,-4.5,-0.4,1825,0.496,1.4,0.2,905,0.487,4.1,0.1,12.5,-12.5,869,0.492,-1.4,-0.4,428,0.488,-4.3,-0.6,889,0.491,0.4,-0.2,438,0.492,2.9,-0.1,24,10,True
2,30,-16.5,0.5192,16.5,0.5283,15,0.467,9.7,-0.5,8,0.625,13.6,3.7,13,0.231,-14.8,-5.1,6,0.167,-13.2,-4.2,-16.5,16.5,1952,0.519,3.0,0.6,956,0.542,0.6,1.1,1772,0.474,-2.5,-0.3,879,0.467,0.7,0.0,-16.5,16.5,957,0.544,4.3,1.0,460,0.56,2.3,1.2,849,0.475,-2.2,-0.6,418,0.492,0.9,0.2,1,29,True
10,14,4.5,0.5283,-4.5,0.5192,14,0.385,1.1,-1.3,6,0.333,-1.0,-1.1,15,0.467,1.1,-2.6,8,0.625,7.3,2.0,4.5,-4.5,1845,0.514,1.9,0.2,907,0.502,-2.0,-0.3,1879,0.472,0.3,-0.4,925,0.47,3.5,0.0,4.5,-4.5,895,0.497,1.6,-0.1,430,0.492,-1.7,-0.6,866,0.473,-1.8,-0.3,418,0.478,0.8,0.2,7,13,False
4,19,-3.0,0.5122,3.0,0.5349,15,0.667,10.1,7.0,9,0.667,10.6,8.4,16,0.5,0.0,2.7,10,0.6,5.8,5.8,-3.0,3.0,1867,0.517,2.3,0.3,930,0.497,-1.2,-0.2,1910,0.522,3.7,0.5,948,0.54,7.0,0.8,-3.0,3.0,951,0.509,5.3,0.1,471,0.489,2.3,-0.4,862,0.507,1.0,0.2,421,0.519,3.8,0.4,9,26,True
8,25,-5.5,0.5192,5.5,0.5283,16,0.625,6.4,5.2,7,0.571,4.6,6.1,17,0.471,-6.2,-0.5,7,0.429,-9.9,-5.1,-5.5,5.5,1804,0.513,-0.4,0.3,897,0.504,-3.1,0.4,1796,0.499,-0.5,0.1,896,0.483,1.6,-0.7,-5.5,5.5,864,0.509,-0.6,0.3,426,0.486,-3.2,-0.2,837,0.489,-1.9,-0.4,417,0.478,-0.7,-1.4,14,4,False
21,9,9.5,0.5283,-9.5,0.5192,17,0.563,-1.2,1.9,9,0.625,2.0,4.4,17,0.529,3.5,2.2,7,0.857,16.3,9.2,9.5,-9.5,1808,0.492,-1.1,-0.2,903,0.494,-3.7,0.0,1784,0.497,-1.4,-0.1,877,0.483,1.3,-0.3,9.5,-9.5,819,0.491,-3.6,-0.1,411,0.482,-6.0,-0.3,835,0.506,-3.5,-0.1,403,0.484,-1.3,-0.3,8,21,True
22,12,7.5,0.5283,-7.5,0.5192,15,0.6,-4.5,1.2,7,0.571,-9.0,-1.9,16,0.4,-0.1,-3.3,9,0.5,6.1,0.4,7.5,-7.5,1629,0.493,-3.5,-0.1,817,0.494,-6.4,-0.2,1814,0.491,0.2,-0.5,895,0.48,3.0,-0.5,7.5,-7.5,817,0.486,-2.7,-0.3,411,0.49,-4.9,-0.3,907,0.496,2.7,-0.5,443,0.495,5.4,-0.1,3,16,False
6,28,-8.5,0.5283,8.5,0.5192,15,0.5,6.4,1.2,8,0.5,2.0,-0.8,15,0.467,-10.7,-3.5,6,0.333,-14.0,-8.9,-8.5,8.5,1749,0.507,-2.1,0.2,873,0.524,-4.3,0.7,1800,0.505,1.0,0.1,888,0.524,5.0,0.7,-8.5,8.5,838,0.504,-2.3,0.5,417,0.528,-4.0,1.0,866,0.514,2.1,0.5,422,0.521,5.4,0.9,19,28,True
29,5,12.5,0.5283,-12.5,0.5192,16,0.6,-8.4,-0.2,8,0.571,-9.5,-0.1,17,0.706,9.6,6.3,10,0.8,13.7,7.7,12.5,-12.5,1785,0.493,-1.2,-0.3,887,0.487,-4.5,-0.5,1826,0.497,1.4,0.2,906,0.488,4.1,0.1,12.5,-12.5,870,0.492,-1.4,-0.4,429,0.487,-4.3,-0.6,890,0.492,0.4,-0.2,439,0.493,2.9,0.0,24,10,False
5,15,3.0,0.5283,-3.0,0.5192,16,0.533,6.1,1.9,7,0.5,-1.1,0.2,13,0.462,0.8,0.4,5,0.2,-0.8,-3.2,3.0,-3.0,1868,0.515,2.1,0.1,929,0.545,-0.6,0.4,1948,0.513,1.8,0.1,961,0.492,4.6,-0.1,3.0,-3.0,882,0.514,0.6,0.5,434,0.542,-1.5,0.9,908,0.514,0.8,0.2,437,0.472,2.8,-0.7,6,15,True
11,2,8.0,0.5192,-8.0,0.5283,15,0.333,2.3,-4.6,8,0.375,-2.8,-8.1,16,0.438,9.9,-0.7,7,0.286,5.3,-5.4,8.0,-8.0,1746,0.468,-1.9,-0.4,872,0.495,-4.1,0.2,1953,0.519,3.0,0.6,969,0.494,5.2,0.1,8.0,-8.0,842,0.47,-1.2,-0.1,421,0.493,-3.1,0.4,958,0.544,4.3,1.0,470,0.527,6.2,0.5,17,1,False
13,20,-2.0,0.5283,2.0,0.5192,17,0.647,1.6,3.9,6,0.667,-2.2,4.4,15,0.267,-7.2,-5.5,7,0.286,-6.4,-5.6,-2.0,2.0,1823,0.49,0.8,-0.1,897,0.495,-1.9,0.2,1805,0.504,-1.1,0.1,893,0.509,1.6,-0.1,-2.0,2.0,895,0.508,2.9,0.2,434,0.527,0.9,0.9,884,0.521,-0.1,0.4,434,0.558,2.9,0.9,12,22,False
27,14,9.0,0.5349,-9.0,0.5122,16,0.667,-3.8,2.4,9,0.75,-4.4,4.0,16,0.4,1.9,-2.6,8,0.286,4.9,-1.1,9.0,-9.0,1795,0.491,-2.1,-0.4,891,0.51,-4.2,0.2,1734,0.493,-2.4,-0.4,861,0.468,0.2,-0.7,9.0,-9.0,852,0.496,-2.0,0.0,419,0.533,-3.6,0.5,825,0.502,-2.4,-0.3,407,0.461,-1.0,-1.2,2,25,False
23,3,12.0,0.5283,-12.0,0.5192,16,0.688,-5.4,3.1,8,0.625,-9.0,1.8,17,0.765,12.3,5.8,9,0.778,14.8,5.9,12.0,-12.0,1806,0.506,0.4,0.3,890,0.518,-2.3,0.5,1867,0.492,0.2,-0.3,935,0.495,3.2,-0.1,12.0,-12.0,902,0.503,2.3,0.2,438,0.506,-0.1,0.4,910,0.475,0.6,-0.4,457,0.486,3.0,-0.3,27,5,True
30,19,11.5,0.5238,-11.5,0.5238,14,0.286,-14.6,-4.5,7,0.286,-16.1,-5.9,16,0.438,-4.6,-4.9,6,0.667,2.2,0.3,11.5,-11.5,1773,0.474,-2.5,-0.3,884,0.483,-5.5,-0.6,1837,0.51,0.6,0.3,908,0.523,4.0,0.8,11.5,-11.5,850,0.475,-2.2,-0.5,422,0.464,-5.1,-1.2,863,0.514,0.3,0.4,421,0.526,3.2,0.9,29,11,
7,9,4.0,0.5192,-4.0,0.5283,16,0.467,5.1,-0.3,9,0.444,0.1,-3.3,15,0.429,2.7,0.7,8,0.429,2.8,-1.5,4.0,-4.0,1750,0.507,-2.1,0.1,874,0.523,-4.3,0.7,1846,0.514,1.9,0.2,910,0.522,5.8,0.5,4.0,-4.0,839,0.504,-2.3,0.4,418,0.527,-4.0,0.9,896,0.498,1.6,0.0,437,0.494,5.0,0.3,19,7,False
12,3,9.5,0.5238,-9.5,0.5238,18,0.667,3.0,5.0,7,0.714,1.9,7.3,17,0.412,9.4,-1.0,8,0.25,4.9,-5.4,9.5,-9.5,1824,0.491,0.8,-0.1,898,0.496,-1.9,0.2,1954,0.518,3.0,0.6,970,0.494,5.2,0.0,9.5,-9.5,896,0.508,2.9,0.2,435,0.528,0.9,0.9,959,0.543,4.3,0.9,471,0.526,6.2,0.5,12,1,True
1,16,-4.5,0.5238,4.5,0.5238,16,0.563,10.6,1.9,6,0.667,10.3,3.4,17,0.375,1.5,-3.4,9,0.25,3.8,-2.7,-4.5,4.5,1839,0.524,1.0,0.3,907,0.526,-2.1,0.1,1735,0.493,-2.4,-0.4,862,0.467,0.2,-0.7,-4.5,4.5,869,0.522,1.1,0.3,425,0.518,-1.8,-0.2,826,0.501,-2.4,-0.3,408,0.46,-1.0,-1.2,20,25,False
10,22,-5.0,0.5192,5.0,0.5283,18,0.556,3.9,2.2,10,0.3,-5.4,-2.8,16,0.625,-4.6,1.3,8,0.625,-0.5,3.9,-5.0,5.0,1785,0.498,-1.4,-0.1,890,0.511,-4.0,0.0,1630,0.493,-3.5,-0.1,811,0.492,-0.6,0.0,-5.0,5.0,836,0.507,-3.5,-0.1,415,0.527,-5.7,0.0,818,0.486,-2.7,-0.3,405,0.48,-0.4,-0.4,21,3,False
5,24,2.5,0.5283,-2.5,0.5192,17,0.5,5.5,1.7,8,0.429,-1.6,-0.1,17,0.353,-5.2,-4.1,8,0.25,-3.3,-4.3,2.5,-2.5,1869,0.515,2.1,0.1,930,0.545,-0.6,0.4,1823,0.482,-1.5,-0.4,908,0.496,1.5,-0.4,2.5,-2.5,883,0.513,0.6,0.4,435,0.541,-1.5,0.9,877,0.483,-1.0,-0.6,436,0.5,1.8,-0.4,6,0,False
23,21,5.0,0.5238,-5.0,0.5238,17,0.647,-5.9,2.8,9,0.556,-9.6,1.3,18,0.529,-1.8,1.7,8,0.5,-4.9,-1.0,5.0,-5.0,1807,0.505,0.4,0.3,891,0.518,-2.3,0.5,1809,0.492,-1.1,-0.2,903,0.492,1.6,-0.2,5.0,-5.0,903,0.502,2.3,0.2,439,0.505,-0.1,0.4,820,0.49,-3.6,-0.1,406,0.501,-1.0,0.2,27,8,False
29,8,10.0,0.5349,-10.0,0.5122,17,0.625,-7.5,0.9,9,0.625,-7.8,1.9,17,0.647,6.6,5.3,9,0.667,7.8,4.4,10.0,-10.0,1786,0.494,-1.2,-0.3,888,0.487,-4.5,-0.4,1805,0.513,-0.4,0.3,898,0.523,2.4,0.2,10.0,-10.0,871,0.492,-1.4,-0.4,430,0.488,-4.3,-0.6,865,0.509,-0.6,0.3,429,0.536,2.1,0.7,24,14,True
26,4,12.5,0.5283,-12.5,0.5192,17,0.688,-3.2,3.2,10,0.778,-3.5,5.2,16,0.625,8.8,5.7,6,0.667,9.3,4.8,12.5,-12.5,1796,0.491,-2.1,-0.4,892,0.51,-4.2,0.2,1868,0.517,2.3,0.3,936,0.537,5.7,0.7,12.5,-12.5,853,0.497,-2.0,0.0,420,0.534,-3.6,0.6,952,0.508,5.3,0.1,479,0.527,8.1,0.5,2,9,False
25,19,6.5,0.5192,-6.5,0.5283,17,0.294,-11.4,-7.5,8,0.0,-20.9,-16.1,17,0.438,-3.6,-4.6,7,0.667,3.6,0.2,6.5,-6.5,1761,0.501,-1.0,0.2,875,0.501,-3.4,0.6,1838,0.51,0.6,0.3,909,0.523,4.0,0.8,6.5,-6.5,845,0.499,-0.5,0.4,417,0.5,-2.3,0.8,864,0.514,0.3,0.4,422,0.526,3.2,0.9,18,11,False
6,11,3.5,0.5238,-3.5,0.5238,18,0.667,8.7,5.0,7,0.571,3.7,4.4,16,0.375,2.0,-3.9,7,0.286,8.0,-0.6,3.5,-3.5,1827,0.496,1.4,0.2,899,0.507,-1.4,0.4,1747,0.468,-1.9,-0.4,872,0.441,0.4,-1.0,3.5,-3.5,891,0.491,0.4,-0.2,430,0.494,-2.1,-0.4,843,0.47,-1.2,-0.1,419,0.447,0.8,-0.7,10,17,False
12,14,2.5,0.5238,-2.5,0.5238,17,0.375,0.2,-3.2,7,0.286,-8.1,-8.1,14,0.5,1.1,0.6,6,0.333,0.2,-2.3,2.5,-2.5,1815,0.49,0.2,-0.5,898,0.503,-2.6,-0.3,1949,0.513,1.8,0.1,962,0.492,4.6,-0.1,2.5,-2.5,908,0.496,2.7,-0.5,443,0.5,0.1,-0.6,909,0.515,0.8,0.2,438,0.473,2.8,-0.7,16,15,False
16,15,3.0,0.5192,-3.0,0.5283,16,0.438,-0.5,-4.3,7,0.286,-5.9,-7.9,16,0.313,-2.4,-2.8,8,0.125,-1.0,-3.3,3.0,-3.0,1880,0.471,0.3,-0.5,923,0.474,-3.1,-0.9,1820,0.501,0.5,-0.1,908,0.482,3.1,-0.5,3.0,-3.0,867,0.473,-1.8,-0.4,417,0.468,-4.8,-0.9,867,0.49,-1.4,-0.7,430,0.474,0.6,-1.1,13,23,True
18,28,-3.0,0.5192,3.0,0.5283,17,0.529,0.6,3.3,6,0.333,-9.7,-2.5,16,0.5,-9.1,-1.8,7,0.429,-9.9,-4.3,-3.0,3.0,1911,0.522,3.7,0.5,948,0.506,0.6,0.3,1801,0.505,1.0,0.1,889,0.525,5.0,0.7,-3.0,3.0,863,0.507,1.0,0.2,427,0.498,-1.8,0.0,867,0.514,2.1,0.5,423,0.522,5.4,0.9,26,28,False
26,30,-4.5,0.5238,4.5,0.5238,18,0.444,-6.5,-0.9,10,0.5,-3.7,2.8,15,0.286,-14.4,-4.2,7,0.286,-13.0,-3.1,-4.5,4.5,1797,0.499,-0.5,0.0,898,0.516,-2.5,0.8,1774,0.474,-2.5,-0.3,880,0.468,0.7,0.0,-4.5,4.5,838,0.489,-1.9,-0.4,418,0.5,-3.2,0.5,851,0.475,-2.2,-0.5,419,0.493,0.8,0.2,4,29,False
1,7,-2.0,0.5283,2.0,0.5192,17,0.588,11.2,2.8,7,0.714,11.9,5.4,17,0.588,7.8,4.1,7,0.571,6.9,1.1,-2.0,2.0,1840,0.525,1.0,0.3,908,0.526,-2.1,0.2,1869,0.517,2.3,0.3,937,0.536,5.7,0.7,-2.0,2.0,870,0.522,1.1,0.3,426,0.519,-1.7,-0.2,953,0.508,5.2,0.0,480,0.526,8.1,0.5,20,9,True
4,6,-4.0,0.5238,4.0,0.5238,17,0.5,6.4,1.4,10,0.5,2.8,-0.1,18,0.529,5.7,2.3,9,0.556,11.8,3.3,-4.0,4.0,1751,0.507,-2.1,0.2,875,0.524,-4.2,0.7,1870,0.515,2.1,0.2,923,0.486,4.9,-0.1,-4.0,4.0,840,0.504,-2.3,0.5,419,0.528,-4.0,1.0,884,0.514,0.7,0.5,432,0.489,3.0,0.1,19,6,True
17,11,3.5,0.5238,-3.5,0.5238,18,0.353,0.3,-4.2,8,0.5,-1.0,-4.2,17,0.353,1.5,-4.2,8,0.25,6.3,-1.6,3.5,-3.5,1736,0.493,-2.4,-0.4,864,0.519,-5.0,0.0,1748,0.468,-1.9,-0.4,873,0.44,0.4,-1.0,3.5,-3.5,827,0.501,-2.4,-0.4,409,0.544,-3.7,0.6,844,0.47,-1.2,-0.1,420,0.446,0.8,-0.7,25,17,False
22,13,8.5,0.5283,-8.5,0.5192,18,0.706,-2.6,4.2,11,0.8,-2.5,6.6,17,0.353,-0.7,-1.2,9,0.222,2.1,-0.2,8.5,-8.5,1797,0.492,-2.1,-0.4,893,0.511,-4.2,0.3,1821,0.501,0.5,-0.1,909,0.482,3.1,-0.5,8.5,-8.5,854,0.498,-2.0,0.0,421,0.535,-3.5,0.6,868,0.491,-1.3,-0.6,431,0.476,0.7,-1.1,2,23,False
15,23,-3.5,0.5192,3.5,0.5283,15,0.467,0.9,0.0,8,0.625,1.9,2.7,17,0.588,-4.9,0.8,9,0.556,-1.7,2.7,-3.5,3.5,1950,0.513,1.8,0.1,956,0.529,-0.9,0.3,1631,0.493,-3.5,-0.1,812,0.491,-0.6,0.0,-3.5,3.5,910,0.514,0.8,0.2,440,0.544,-1.2,0.8,819,0.486,-2.7,-0.3,406,0.479,-0.4,-0.4,15,3,True
18,16,-2.0,0.5283,2.0,0.5192,17,0.412,-2.1,-5.4,8,0.25,-8.5,-9.9,18,0.556,1.3,3.7,11,0.636,6.2,6.5,-2.0,2.0,1881,0.471,0.3,-0.5,924,0.473,-3.1,-0.9,1912,0.522,3.7,0.5,949,0.54,7.0,0.8,-2.0,2.0,868,0.472,-1.8,-0.4,418,0.467,-4.9,-0.9,864,0.508,1.0,0.2,422,0.52,3.9,0.5,13,26,False
21,8,8.0,0.5192,-8.0,0.5283,19,0.5,-1.6,1.5,10,0.556,0.7,3.8,18,0.667,7.7,5.8,10,0.7,9.5,5.5,8.0,-8.0,1810,0.492,-1.1,-0.2,904,0.494,-3.7,-0.1,1806,0.513,-0.4,0.3,899,0.524,2.4,0.2,8.0,-8.0,821,0.489,-3.6,-0.1,412,0.481,-6.0,-0.3,866,0.51,-0.5,0.3,430,0.537,2.1,0.7,8,14,True
24,9,10.5,0.5238,-10.5,0.5238,19,0.474,-5.2,-0.1,11,0.546,-1.6,3.7,19,0.579,4.3,2.4,8,0.875,15.6,8.3,10.5,-10.5,1798,0.499,-0.4,0.1,899,0.516,-2.5,0.8,1786,0.498,-1.4,-0.1,878,0.484,1.3,-0.3,10.5,-10.5,839,0.489,-1.9,-0.4,419,0.501,-3.1,0.6,837,0.507,-3.5,-0.1,404,0.485,-1.3,-0.3,4,21,True
10,28,-9.5,0.5238,9.5,0.5238,16,0.4,0.9,-1.2,7,0.429,2.7,3.2,17,0.471,-9.3,-2.4,8,0.375,-10.3,-5.1,-9.5,9.5,1847,0.514,1.9,0.2,908,0.502,-2.0,-0.3,1802,0.505,1.0,0.1,890,0.524,4.9,0.7,-9.5,9.5,897,0.497,1.5,-0.1,431,0.493,-1.7,-0.6,868,0.514,2.1,0.5,424,0.521,5.4,0.9,7,28,False
5,20,-5.0,0.5238,5.0,0.5238,19,0.684,8.6,5.2,8,0.625,4.0,4.9,16,0.25,-8.4,-6.7,8,0.25,-8.9,-8.0,-5.0,5.0,1828,0.497,1.4,0.2,900,0.508,-1.4,0.4,1806,0.503,-1.1,0.0,894,0.509,1.6,-0.1,-5.0,5.0,892,0.492,0.4,-0.2,431,0.495,-2.1,-0.3,885,0.521,-0.1,0.4,435,0.557,2.8,0.8,10,22,False
25,26,3.0,0.5283,-3.0,0.5192,18,0.667,-5.7,2.8,10,0.6,-8.8,1.4,18,0.333,-11.0,-6.8,9,0.556,-3.0,0.2,3.0,-3.0,1808,0.506,0.4,0.3,892,0.518,-2.3,0.5,1762,0.501,-1.0,0.2,877,0.504,1.4,0.0,3.0,-3.0,904,0.503,2.3,0.2,440,0.506,-0.1,0.4,846,0.499,-0.5,0.4,419,0.504,1.5,0.1,27,18,False
29,19,10.5,0.5238,-10.5,0.5238,18,0.588,-8.5,0.0,10,0.556,-9.5,0.3,18,0.412,-3.2,-4.6,8,0.571,3.6,-0.3,10.5,-10.5,1787,0.493,-1.2,-0.3,889,0.487,-4.5,-0.5,1839,0.51,0.6,0.3,910,0.523,4.0,0.8,10.5,-10.5,872,0.492,-1.4,-0.4,431,0.487,-4.3,-0.6,865,0.513,0.3,0.4,423,0.524,3.2,0.9,24,11,False
27,3,10.0,0.5238,-10.0,0.5238,18,0.333,-5.4,-4.6,9,0.444,-6.9,-3.9,18,0.778,12.4,5.6,10,0.8,14.7,5.6,10.0,-10.0,1824,0.482,-1.5,-0.4,913,0.47,-4.4,-0.4,1868,0.492,0.2,-0.3,936,0.496,3.3,-0.1,10.0,-10.0,878,0.483,-1.0,-0.6,440,0.468,-3.7,-0.8,911,0.475,0.6,-0.4,458,0.487,3.1,-0.3,0,5,False
14,30,-10.5,0.5349,10.5,0.5122,19,0.632,1.2,3.6,8,0.625,-2.4,3.7,16,0.267,-14.7,-4.8,8,0.25,-13.8,-4.4,-10.5,10.5,1825,0.49,0.8,-0.1,899,0.495,-1.9,0.2,1775,0.474,-2.5,-0.3,881,0.468,0.7,0.0,-10.5,10.5,897,0.508,2.9,0.2,436,0.527,0.9,0.9,852,0.475,-2.2,-0.6,420,0.492,0.8,0.2,12,29,False
13,11,6.0,0.5283,-6.0,0.5192,20,0.65,2.4,4.2,9,0.667,0.7,5.1,18,0.333,0.8,-4.8,9,0.222,4.3,-3.0,6.0,-6.0,1826,0.491,0.8,-0.1,900,0.496,-1.9,0.2,1749,0.468,-1.9,-0.4,874,0.44,0.3,-1.0,6.0,-6.0,898,0.508,2.9,0.2,437,0.528,0.9,0.9,845,0.469,-1.2,-0.1,421,0.444,0.7,-0.7,12,17,False
10,21,-7.0,0.5349,7.0,0.5122,20,0.6,4.8,2.5,11,0.364,-3.9,-1.9,19,0.722,-1.9,5.0,7,0.571,-2.9,0.4,-7.0,7.0,1787,0.498,-1.4,-0.1,891,0.512,-4.0,0.1,1798,0.492,-2.1,-0.3,888,0.471,0.0,-1.0,-7.0,7.0,838,0.508,-3.5,-0.1,416,0.528,-5.7,0.1,855,0.498,-2.0,0.0,418,0.458,-0.3,-0.7,21,2,False
1,17,-3.0,0.5192,3.0,0.5283,18,0.556,10.8,2.6,8,0.625,10.9,4.7,18,0.444,-0.9,-4.3,9,0.556,3.7,-1.4,-3.0,3.0,1841,0.524,1.0,0.3,909,0.526,-2.1,0.2,1882,0.471,0.3,-0.5,926,0.469,3.5,0.0,-3.0,3.0,871,0.522,1.1,0.3,427,0.518,-1.7,-0.2,869,0.473,-1.8,-0.4,419,0.477,0.7,0.2,20,13,False
6,25,-12.5,0.5283,12.5,0.5192,18,0.471,5.2,0.3,11,0.455,1.2,-1.8,18,0.611,-4.9,0.8,10,0.6,-1.9,2.5,-12.5,12.5,1752,0.507,-2.1,0.1,876,0.523,-4.2,0.7,1632,0.493,-3.5,-0.1,813,0.492,-0.6,0.0,-12.5,12.5,841,0.504,-2.3,0.4,420,0.527,-4.0,0.9,820,0.486,-2.7,-0.3,407,0.48,-0.4,-0.4,19,3,True
22,15,8.0,0.5238,-8.0,0.5238,19,0.684,-4.1,4.0,11,0.636,-5.6,3.7,16,0.438,1.1,-0.1,7,0.286,-0.3,-3.1,8.0,-8.0,1809,0.506,0.4,0.3,893,0.519,-2.3,0.6,1951,0.513,1.8,0.1,963,0.492,4.5,-0.2,8.0,-8.0,905,0.503,2.3,0.3,441,0.507,-0.1,0.4,911,0.514,0.8,0.2,439,0.472,2.8,-0.7,27,15,True
24,19,5.5,0.5238,-5.5,0.5238,20,0.474,-2.5,0.8,11,0.5,-1.2,2.4,19,0.389,-2.7,-4.5,9,0.5,4.0,-0.6,5.5,-5.5,1811,0.492,-1.1,-0.2,905,0.493,-3.7,-0.1,1840,0.509,0.6,0.3,911,0.522,4.1,0.8,5.5,-5.5,822,0.489,-3.6,-0.1,413,0.48,-6.1,-0.3,866,0.512,0.3,0.4,424,0.523,3.2,0.8,8,11,False
16,28,-7.0,0.5283,7.0,0.5192,19,0.389,0.8,-3.2,9,0.556,0.3,-2.2,19,0.611,-8.4,0.1,8,0.625,-7.3,-0.3,-7.0,7.0,1737,0.493,-2.4,-0.4,865,0.52,-4.9,0.0,1788,0.494,-1.2,-0.3,883,0.499,2.1,-0.1,-7.0,7.0,828,0.501,-2.4,-0.3,410,0.545,-3.6,0.6,873,0.492,-1.4,-0.4,426,0.495,1.6,-0.2,25,24,True
2,26,-11.5,0.5192,11.5,0.5283,18,0.444,10.7,0.2,9,0.556,13.4,2.9,20,0.45,-5.6,-0.3,8,0.375,-10.0,-5.4,-11.5,11.5,1955,0.519,3.0,0.6,957,0.541,0.6,1.1,1799,0.499,-0.5,0.1,897,0.483,1.6,-0.7,-11.5,11.5,960,0.544,4.4,1.0,461,0.559,2.3,1.2,840,0.489,-1.9,-0.4,418,0.477,-0.7,-1.4,1,4,True
3,23,-6.0,0.5192,6.0,0.5283,19,0.737,11.2,4.3,8,0.75,9.5,5.7,19,0.368,-4.6,-3.3,9,0.222,-4.0,-5.2,-6.0,6.0,1869,0.492,0.2,-0.3,931,0.488,-2.8,-0.5,1825,0.482,-1.5,-0.4,909,0.495,1.5,-0.4,-6.0,6.0,912,0.475,0.6,-0.4,452,0.462,-1.8,-0.5,879,0.483,-1.0,-0.6,437,0.499,1.8,-0.4,5,0,True
27,8,11.0,0.5122,-11.0,0.5349,19,0.316,-11.8,-7.9,9,0.111,-19.0,-13.8,19,0.684,8.3,6.1,11,0.727,10.5,6.0,11.0,-11.0,1763,0.501,-1.1,0.2,876,0.502,-3.4,0.6,1807,0.514,-0.4,0.3,900,0.524,2.4,0.2,11.0,-11.0,847,0.499,-0.5,0.3,418,0.501,-2.3,0.8,867,0.511,-0.5,0.3,431,0.538,2.2,0.8,18,14,False
6,15,2.5,0.5283,-2.5,0.5192,18,0.611,7.2,3.9,10,0.6,8.5,6.3,18,0.333,-1.2,-2.2,10,0.2,0.9,-2.2,2.5,-2.5,1870,0.517,2.3,0.3,931,0.497,-1.2,-0.2,1822,0.501,0.5,-0.1,910,0.482,3.1,-0.5,2.5,-2.5,954,0.508,5.2,0.0,472,0.488,2.3,-0.4,869,0.49,-1.3,-0.6,432,0.474,0.7,-1.1,9,23,True
22,25,-4.5,0.5283,4.5,0.5192,20,0.4,-3.6,-2.0,10,0.5,-5.1,-1.5,19,0.632,-4.7,1.3,11,0.636,-1.8,3.3,-4.5,4.5,1826,0.483,-1.4,-0.4,914,0.471,-4.4,-0.4,1633,0.494,-3.5,-0.1,814,0.493,-0.6,0.0,-4.5,4.5,880,0.484,-1.0,-0.6,441,0.469,-3.7,-0.7,821,0.487,-2.7,-0.3,408,0.481,-0.4,-0.4,0,3,True
4,29,-6.5,0.5238,6.5,0.5238,19,0.556,6.2,3.2,9,0.5,-0.3,1.3,18,0.444,-9.8,-2.7,9,0.333,-11.2,-5.5,-6.5,6.5,1871,0.515,2.1,0.2,931,0.545,-0.6,0.5,1803,0.505,1.0,0.1,891,0.524,4.9,0.7,-6.5,6.5,885,0.515,0.7,0.5,436,0.542,-1.5,0.9,869,0.513,2.1,0.5,425,0.519,5.3,0.9,6,28,False
20,21,2.0,0.5283,-2.0,0.5192,17,0.235,-8.3,-6.4,8,0.25,-7.9,-5.4,21,0.5,-1.2,2.1,9,0.444,-4.1,-1.1,2.0,-2.0,1807,0.503,-1.1,0.0,899,0.501,-3.7,0.2,1812,0.492,-1.1,-0.2,904,0.491,1.6,-0.3,2.0,-2.0,886,0.52,-0.1,0.4,437,0.491,-2.9,0.0,823,0.489,-3.6,-0.1,407,0.5,-1.0,0.2,22,8,False
30,13,14.5,0.5238,-14.5,0.5238,17,0.25,-15.3,-5.4,8,0.286,-15.6,-5.1,18,0.412,0.4,-2.6,10,0.444,6.1,0.2,14.5,-14.5,1776,0.474,-2.5,-0.3,885,0.483,-5.6,-0.6,1816,0.491,0.2,-0.4,896,0.479,3.0,-0.5,14.5,-14.5,853,0.474,-2.3,-0.6,423,0.464,-5.1,-1.2,909,0.496,2.7,-0.5,444,0.494,5.4,-0.1,29,16,False
2,3,-1.0,0.5283,1.0,0.5192,19,0.421,10.6,0.1,10,0.5,13.0,2.3,20,0.7,9.8,3.0,11,0.727,12.4,3.3,-1.0,1.0,1956,0.518,3.0,0.6,958,0.541,0.6,1.1,1870,0.492,0.2,-0.3,937,0.495,3.2,-0.1,-1.0,1.0,961,0.543,4.4,1.0,462,0.557,2.3,1.2,913,0.474,0.6,-0.5,459,0.486,3.0,-0.3,1,5,True
1,5,-1.5,0.5192,1.5,0.5283,19,0.579,10.7,2.7,9,0.667,10.6,4.7,20,0.7,8.5,5.0,11,0.727,11.9,5.4,-1.5,1.5,1842,0.525,1.0,0.3,910,0.526,-2.1,0.2,1829,0.497,1.4,0.2,907,0.487,4.1,0.1,-1.5,1.5,872,0.522,1.2,0.3,428,0.519,-1.7,-0.2,893,0.493,0.4,-0.2,440,0.492,2.9,-0.1,20,10,True
10,12,-3.0,0.5192,3.0,0.5283,17,0.438,1.9,-0.6,8,0.5,4.8,3.9,21,0.667,2.2,4.3,11,0.636,3.7,3.5,-3.0,3.0,1848,0.514,1.9,0.2,909,0.503,-2.0,-0.3,1827,0.491,0.8,-0.1,903,0.485,3.4,-0.3,-3.0,3.0,898,0.498,1.6,-0.1,432,0.494,-1.6,-0.5,899,0.509,2.9,0.2,440,0.486,4.8,-0.4,7,12,True
18,16,6.5,0.5283,-6.5,0.5192,19,0.526,0.3,2.7,7,0.429,-6.4,-0.6,20,0.368,0.4,-3.9,10,0.222,1.3,-4.2,6.5,-6.5,1913,0.522,3.7,0.5,949,0.506,0.6,0.3,1738,0.493,-2.4,-0.4,863,0.467,0.1,-0.8,6.5,-6.5,865,0.507,1.0,0.2,428,0.499,-1.7,0.0,829,0.501,-2.4,-0.4,409,0.458,-1.1,-1.3,26,25,False
9,24,-6.5,0.5238,6.5,0.5238,21,0.619,5.7,3.1,12,0.417,-1.7,-0.5,20,0.684,-3.0,4.0,8,0.5,-5.4,-1.6,-6.5,6.5,1788,0.499,-1.4,-0.1,892,0.512,-4.0,0.1,1799,0.492,-2.1,-0.3,889,0.47,0.0,-1.0,-6.5,6.5,839,0.509,-3.4,-0.1,417,0.529,-5.6,0.1,856,0.498,-2.0,0.0,419,0.457,-0.4,-0.7,21,2,False
15,22,-4.5,0.5283,4.5,0.5192,17,0.471,1.6,0.1,9,0.556,2.1,2.3,20,0.65,-4.4,3.7,8,0.75,-1.9,4.5,-4.5,4.5,1952,0.513,1.8,0.1,957,0.528,-0.9,0.3,1810,0.506,0.4,0.3,896,0.492,3.0,0.0,-4.5,4.5,912,0.514,0.8,0.2,441,0.543,-1.2,0.8,906,0.503,2.3,0.2,444,0.498,4.6,0.0,15,27,True
19,7,6.5,0.5192,-6.5,0.5283,20,0.368,-3.8,-5.7,10,0.3,-8.7,-8.0,20,0.65,8.5,5.8,12,0.667,10.5,5.5,6.5,-6.5,1841,0.509,0.6,0.3,914,0.497,-2.8,-0.1,1808,0.513,-0.3,0.3,901,0.524,2.4,0.2,6.5,-6.5,867,0.512,0.3,0.4,427,0.504,-2.4,0.0,868,0.51,-0.5,0.3,432,0.537,2.2,0.8,11,14,True
4,28,-7.0,0.5238,7.0,0.5238,20,0.579,6.5,3.3,10,0.556,0.9,1.7,20,0.632,-7.6,1.0,9,0.667,-5.4,1.6,-7.0,7.0,1872,0.516,2.1,0.2,932,0.546,-0.6,0.5,1789,0.494,-1.2,-0.3,884,0.499,2.1,-0.1,-7.0,7.0,886,0.515,0.7,0.5,437,0.543,-1.5,0.9,874,0.493,-1.4,-0.4,427,0.496,1.6,-0.1,6,24,False
17,29,-7.0,0.5349,7.0,0.5122,19,0.421,-1.3,-4.3,9,0.333,-5.6,-7.1,19,0.421,-9.9,-2.9,10,0.3,-11.3,-5.5,-7.0,7.0,1883,0.471,0.3,-0.5,925,0.474,-3.1,-0.9,1804,0.504,1.0,0.1,892,0.523,4.9,0.7,-7.0,7.0,870,0.472,-1.8,-0.4,419,0.469,-4.8,-0.9,870,0.512,2.1,0.4,426,0.518,5.3,0.9,13,28,True
27,6,12.0,0.5238,-12.0,0.5238,20,0.35,-11.8,-7.5,10,0.2,-18.2,-12.4,19,0.444,4.9,-0.4,7,0.5,11.4,3.5,12.0,-12.0,1764,0.501,-1.1,0.2,877,0.502,-3.4,0.6,1753,0.507,-2.1,0.1,874,0.491,0.1,-0.4,12.0,-12.0,848,0.499,-0.5,0.3,419,0.502,-2.3,0.8,842,0.503,-2.3,0.4,419,0.481,-0.6,-0.1,18,19,True
17,11,8.0,0.5192,-8.0,0.5283,20,0.4,-1.2,-4.3,10,0.3,-4.9,-6.8,19,0.316,0.8,-4.8,10,0.2,4.0,-3.3,8.0,-8.0,1884,0.471,0.3,-0.5,926,0.473,-3.1,-0.9,1750,0.467,-1.9,-0.4,875,0.439,0.3,-1.0,8.0,-8.0,871,0.472,-1.8,-0.4,420,0.468,-4.8,-0.9,846,0.469,-1.2,-0.1,422,0.443,0.7,-0.7,13,17,True
15,2,9.5,0.5192,-9.5,0.5283,18,0.444,1.3,-0.4,10,0.5,1.6,1.4,20,0.4,9.9,-0.1,9,0.333,7.9,-2.4,9.5,-9.5,1953,0.513,1.8,0.1,958,0.528,-0.9,0.3,1957,0.518,3.0,0.6,971,0.494,5.2,0.1,9.5,-9.5,913,0.514,0.8,0.2,442,0.542,-1.2,0.8,962,0.543,4.4,1.0,472,0.527,6.3,0.6,15,1,True
24,26,7.5,0.5192,-7.5,0.5283,21,0.65,-3.2,3.7,12,0.818,-1.4,7.7,21,0.476,-5.8,-0.2,9,0.444,-9.9,-4.4,7.5,-7.5,1800,0.491,-2.1,-0.4,894,0.511,-4.1,0.3,1800,0.499,-0.5,0.1,898,0.483,1.6,-0.7,7.5,-7.5,857,0.497,-2.0,0.0,422,0.536,-3.5,0.7,841,0.489,-1.9,-0.4,419,0.478,-0.7,-1.4,2,4,True
28,21,10.0,0.5238,-10.0,0.5238,21,0.333,-12.8,-8.1,11,0.182,-19.5,-13.2,21,0.381,-3.2,-2.1,10,0.3,-2.0,-2.6,10.0,-10.0,1765,0.501,-1.1,0.2,878,0.502,-3.4,0.6,1827,0.482,-1.4,-0.4,910,0.496,1.5,-0.4,10.0,-10.0,849,0.499,-0.5,0.3,420,0.501,-2.4,0.8,881,0.483,-1.0,-0.6,438,0.5,1.8,-0.4,18,0,True
9,6,4.5,0.5283,-4.5,0.5192,22,0.636,5.8,3.0,13,0.462,-0.9,-0.3,20,0.474,6.4,0.7,8,0.571,14.1,5.7,4.5,-4.5,1789,0.499,-1.4,-0.1,893,0.513,-4.0,0.1,1754,0.507,-2.1,0.2,875,0.491,0.1,-0.4,4.5,-4.5,840,0.509,-3.4,-0.1,418,0.53,-5.6,0.1,843,0.504,-2.3,0.4,420,0.482,-0.6,0.0,21,19,True
7,4,4.0,0.5283,-4.0,0.5192,21,0.667,8.8,6.0,8,0.625,5.4,6.3,21,0.6,6.5,3.2,10,0.6,12.1,4.9,4.0,-4.0,1809,0.514,-0.3,0.3,898,0.505,-3.1,0.5,1873,0.516,2.1,0.2,924,0.487,4.9,-0.1,4.0,-4.0,869,0.511,-0.5,0.3,427,0.487,-3.2,-0.1,887,0.516,0.7,0.5,433,0.491,3.1,0.2,14,6,True
8,10,5.0,0.5192,-5.0,0.5283,19,0.579,6.4,3.4,11,0.546,7.0,5.0,18,0.412,1.6,-0.9,9,0.375,-0.6,-4.6,5.0,-5.0,1871,0.517,2.3,0.3,932,0.496,-1.2,-0.2,1849,0.514,1.9,0.2,911,0.522,5.8,0.5,5.0,-5.0,955,0.508,5.2,0.0,473,0.487,2.3,-0.5,899,0.497,1.6,-0.1,438,0.493,4.9,0.3,9,7,False
17,14,7.5,0.5283,-7.5,0.5192,20,0.55,0.4,3.0,8,0.5,-5.4,0.6,19,0.368,-0.7,-1.7,11,0.273,1.5,-1.3,7.5,-7.5,1914,0.522,3.7,0.5,950,0.507,0.6,0.3,1823,0.501,0.5,-0.1,911,0.482,3.1,-0.5,7.5,-7.5,866,0.508,1.0,0.2,429,0.5,-1.7,0.1,870,0.491,-1.3,-0.6,433,0.476,0.7,-1.1,26,23,True
5,16,1.0,0.5283,-1.0,0.5192,21,0.714,8.2,5.0,9,0.667,4.3,4.6,21,0.35,0.2,-4.1,11,0.2,1.0,-4.5,1.0,-1.0,1830,0.497,1.4,0.2,901,0.508,-1.4,0.4,1739,0.492,-2.4,-0.4,864,0.466,0.1,-0.8,1.0,-1.0,894,0.493,0.4,-0.2,432,0.497,-2.1,-0.3,830,0.5,-2.4,-0.4,410,0.457,-1.1,-1.3,10,25,True
13,24,-3.5,0.5283,3.5,0.5192,19,0.389,0.9,-2.7,8,0.375,-6.8,-6.0,22,0.476,-1.9,1.5,10,0.4,-5.2,-2.3,-3.5,3.5,1817,0.491,0.2,-0.5,899,0.504,-2.6,-0.3,1813,0.492,-1.1,-0.2,905,0.49,1.5,-0.3,-3.5,3.5,910,0.496,2.7,-0.5,444,0.501,0.1,-0.6,824,0.489,-3.6,-0.1,408,0.499,-1.0,0.1,16,8,False
19,22,-3.0,0.5122,3.0,0.5349,21,0.35,-4.3,-5.9,11,0.273,-9.3,-8.1,21,0.667,-4.0,3.9,9,0.778,-1.3,4.8,-3.0,3.0,1842,0.509,0.6,0.3,915,0.497,-2.8,-0.1,1811,0.506,0.4,0.3,897,0.493,3.0,0.0,-3.0,3.0,868,0.511,0.3,0.4,428,0.502,-2.4,0.0,907,0.503,2.3,0.3,445,0.499,4.6,0.0,11,27,True
20,25,-4.5,0.5122,4.5,0.5349,18,0.278,-7.0,-5.4,9,0.333,-5.3,-3.4,20,0.65,-4.6,1.4,12,0.667,-1.9,3.3,-4.5,4.5,1808,0.503,-1.1,0.1,900,0.502,-3.7,0.2,1634,0.494,-3.5,-0.1,815,0.493,-0.6,0.0,-4.5,4.5,887,0.521,-0.1,0.4,438,0.492,-2.9,0.0,822,0.488,-2.7,-0.3,409,0.483,-0.4,-0.4,22,3,False
27,12,8.5,0.5192,-8.5,0.5283,21,0.6,-7.5,0.9,11,0.6,-9.3,0.5,22,0.682,2.3,4.4,12,0.667,3.8,3.8,8.5,-8.5,1790,0.494,-1.2,-0.3,890,0.488,-4.5,-0.4,1828,0.491,0.8,-0.1,904,0.486,3.4,-0.3,8.5,-8.5,875,0.492,-1.4,-0.4,432,0.488,-4.3,-0.6,900,0.51,2.9,0.2,441,0.488,4.8,-0.4,24,12,True
29,1,13.5,0.5238,-13.5,0.5238,20,0.45,-9.5,-2.5,9,0.556,-8.4,0.1,20,0.55,10.0,2.4,10,0.5,10.8,1.0,13.5,-13.5,1805,0.505,1.0,0.1,896,0.488,-2.9,-0.5,1843,0.524,1.0,0.3,914,0.522,4.1,0.4,13.5,-13.5,871,0.513,2.1,0.5,428,0.512,-1.0,0.0,873,0.522,1.1,0.3,428,0.526,4.2,1.0,28,20,True
30,3,16.0,0.5283,-16.0,0.5192,18,0.294,-15.0,-4.9,9,0.375,-15.0,-4.1,21,0.714,9.5,3.0,12,0.75,11.7,3.2,16.0,-16.0,1777,0.474,-2.5,-0.3,886,0.483,-5.6,-0.6,1871,0.492,0.2,-0.3,938,0.496,3.2,-0.1,16.0,-16.0,854,0.475,-2.3,-0.6,424,0.465,-5.1,-1.2,914,0.475,0.6,-0.5,460,0.487,3.0,-0.3,29,5,True
11,12,-2.5,0.5283,2.5,0.5192,20,0.35,2.3,-3.5,9,0.444,-2.7,-6.5,23,0.696,3.1,4.8,13,0.692,5.2,4.6,-2.5,2.5,1751,0.468,-1.9,-0.4,873,0.495,-4.1,0.2,1829,0.491,0.8,-0.1,905,0.486,3.4,-0.3,-2.5,2.5,847,0.469,-1.1,-0.1,422,0.494,-3.1,0.4,901,0.51,2.9,0.2,442,0.489,4.8,-0.3,17,12,False
18,15,2.0,0.5192,-2.0,0.5283,21,0.381,-2.5,-5.1,11,0.273,-7.1,-8.1,19,0.421,0.3,-0.8,8,0.375,1.0,-2.5,2.0,-2.0,1885,0.471,0.3,-0.5,927,0.473,-3.1,-0.9,1954,0.512,1.8,0.1,964,0.492,4.6,-0.2,2.0,-2.0,872,0.471,-1.8,-0.4,421,0.466,-4.9,-0.9,914,0.513,0.8,0.2,440,0.473,2.8,-0.7,13,15,True
9,19,-3.0,0.5283,3.0,0.5192,23,0.609,4.9,2.5,14,0.429,-1.9,-1.0,19,0.316,-6.3,-5.0,9,0.222,-8.7,-7.3,-3.0,3.0,1790,0.499,-1.4,-0.1,894,0.512,-4.0,0.1,1809,0.504,-1.1,0.1,895,0.508,1.6,-0.1,-3.0,3.0,841,0.509,-3.4,-0.1,419,0.529,-5.6,0.1,888,0.521,-0.1,0.4,436,0.556,2.8,0.8,21,22,True
21,13,4.0,0.5192,-4.0,0.5283,22,0.409,-2.5,-1.8,11,0.455,-4.4,-1.6,20,0.421,1.9,-1.6,11,0.4,6.5,-0.2,4.0,-4.0,1828,0.483,-1.4,-0.4,915,0.47,-4.4,-0.4,1818,0.491,0.2,-0.4,897,0.478,3.0,-0.5,4.0,-4.0,882,0.484,-0.9,-0.6,442,0.468,-3.7,-0.8,911,0.496,2.8,-0.5,445,0.493,5.4,-0.1,0,16,False
24,2,13.5,0.5192,-13.5,0.5283,23,0.455,-2.7,0.6,12,0.546,0.9,4.6,21,0.429,10.3,0.4,10,0.4,9.0,-1.3,13.5,-13.5,1814,0.491,-1.1,-0.2,906,0.494,-3.7,0.0,1958,0.518,3.0,0.6,972,0.495,5.2,0.1,13.5,-13.5,825,0.488,-3.6,-0.1,414,0.481,-6.0,-0.3,963,0.543,4.4,1.0,473,0.528,6.3,0.6,8,1,False
20,26,-2.5,0.5192,2.5,0.5283,22,0.333,-4.6,-6.2,12,0.25,-9.4,-8.6,22,0.619,-4.3,2.7,9,0.444,-5.7,-1.6,-2.5,2.5,1843,0.508,0.6,0.3,916,0.496,-2.8,-0.1,1801,0.491,-2.1,-0.4,890,0.47,-0.1,-1.0,-2.5,2.5,869,0.511,0.3,0.3,429,0.501,-2.4,0.0,858,0.496,-2.1,0.0,420,0.456,-0.4,-0.7,11,2,True
6,8,-3.5,0.5283,3.5,0.5192,22,0.682,7.5,4.4,10,0.6,3.0,3.4,20,0.6,5.9,3.3,8,0.625,5.5,1.1,-3.5,3.5,1831,0.497,1.4,0.2,902,0.508,-1.4,0.4,1872,0.517,2.3,0.3,938,0.537,5.7,0.7,-3.5,3.5,895,0.493,0.4,-0.2,433,0.495,-2.1,-0.3,956,0.508,5.2,0.0,481,0.527,8.1,0.5,10,9,True
11,3,4.0,0.5192,-4.0,0.5283,19,0.389,1.7,-0.9,9,0.444,3.8,2.7,22,0.727,10.5,3.5,13,0.769,13.2,4.1,4.0,-4.0,1850,0.514,1.9,0.2,910,0.502,-2.0,-0.3,1872,0.492,0.3,-0.3,939,0.496,3.3,-0.1,4.0,-4.0,900,0.497,1.6,-0.1,433,0.493,-1.6,-0.6,915,0.475,0.6,-0.4,461,0.488,3.1,-0.3,7,5,True
16,7,4.0,0.5192,-4.0,0.5283,22,0.381,0.6,-3.6,10,0.5,-0.6,-3.6,22,0.636,8.1,5.7,13,0.692,10.8,5.8,4.0,-4.0,1740,0.493,-2.4,-0.4,866,0.519,-4.9,0.0,1810,0.513,-0.3,0.3,902,0.524,2.4,0.2,4.0,-4.0,831,0.501,-2.4,-0.4,411,0.544,-3.6,0.6,870,0.51,-0.5,0.3,433,0.538,2.2,0.8,25,14,True
1,22,-9.0,0.5283,9.0,0.5192,21,0.571,10.8,2.9,10,0.6,9.2,3.8,22,0.682,-3.3,4.4,10,0.8,-0.1,5.8,-9.0,9.0,1844,0.525,1.0,0.3,911,0.526,-2.1,0.2,1812,0.506,0.4,0.3,898,0.493,3.0,0.0,-9.0,9.0,874,0.522,1.2,0.4,429,0.518,-1.7,-0.2,908,0.504,2.3,0.3,446,0.5,4.6,0.1,20,27,False
23,17,2.5,0.5283,-2.5,0.5192,22,0.5,-4.3,0.7,12,0.5,-2.7,3.0,21,0.524,-0.2,2.6,12,0.583,4.2,4.6,2.5,-2.5,1801,0.5,-0.4,0.1,900,0.516,-2.5,0.8,1915,0.522,3.7,0.5,950,0.54,7.0,0.8,2.5,-2.5,842,0.49,-1.9,-0.4,420,0.5,-3.2,0.6,867,0.507,1.0,0.2,423,0.519,3.8,0.4,4,26,False
25,4,14.5,0.5192,-14.5,0.5283,21,0.619,-4.7,1.3,8,0.625,-8.6,-1.4,21,0.5,6.8,1.1,9,0.625,14.2,6.2,14.5,-14.5,1635,0.494,-3.5,-0.1,818,0.494,-6.4,-0.2,1755,0.507,-2.1,0.2,876,0.492,0.1,-0.3,14.5,-14.5,823,0.487,-2.7,-0.3,412,0.491,-4.9,-0.3,844,0.504,-2.3,0.5,421,0.483,-0.5,0.0,3,19,True
15,28,-2.0,0.5349,2.0,0.5122,20,0.4,-0.2,-1.5,8,0.5,-3.9,-2.3,22,0.318,-12.7,-7.9,10,0.5,-5.3,-2.6,-2.0,2.0,1824,0.501,0.5,-0.1,901,0.515,-2.2,0.1,1766,0.501,-1.1,0.2,878,0.503,1.4,-0.1,-2.0,2.0,871,0.491,-1.3,-0.6,426,0.496,-3.7,-0.4,850,0.498,-0.6,0.3,420,0.502,1.4,0.1,23,18,True
5,30,-14.0,0.5192,14.0,0.5283,22,0.619,6.4,3.0,11,0.6,1.4,1.6,19,0.278,-15.8,-5.4,9,0.222,-15.0,-5.7,-14.0,14.0,1874,0.516,2.1,0.2,933,0.546,-0.6,0.5,1778,0.474,-2.5,-0.3,882,0.467,0.6,0.0,-14.0,14.0,888,0.516,0.7,0.5,438,0.544,-1.5,0.9,855,0.474,-2.3,-0.6,421,0.49,0.7,0.1,6,29,False
10,8,-1.0,0.5122,1.0,0.5349,21,0.381,3.5,-2.2,10,0.5,0.4,-3.5,21,0.619,5.9,3.6,9,0.667,5.6,2.1,-1.0,1.0,1752,0.468,-1.8,-0.4,874,0.496,-4.1,0.3,1873,0.517,2.3,0.3,939,0.537,5.7,0.7,-1.0,1.0,848,0.47,-1.1,-0.1,423,0.495,-3.0,0.5,957,0.509,5.2,0.0,482,0.528,8.1,0.5,17,9,False
16,17,-6.0,0.5192,6.0,0.5283,23,0.364,0.4,-3.5,11,0.455,-1.0,-3.5,22,0.5,-0.9,1.8,13,0.539,2.7,2.9,-6.0,6.0,1741,0.492,-2.4,-0.4,867,0.518,-4.9,0.0,1916,0.522,3.7,0.5,951,0.539,6.9,0.8,-6.0,6.0,832,0.5,-2.4,-0.4,412,0.543,-3.6,0.6,868,0.506,0.9,0.2,424,0.518,3.8,0.4,25,26,False
13,2,8.0,0.5192,-8.0,0.5283,21,0.4,1.1,-2.5,9,0.444,-3.7,-3.3,22,0.409,10.3,0.3,11,0.364,9.1,-1.3,8.0,-8.0,1819,0.491,0.2,-0.5,900,0.505,-2.6,-0.2,1959,0.518,3.0,0.6,973,0.494,5.2,0.1,8.0,-8.0,912,0.496,2.7,-0.5,445,0.502,0.2,-0.6,964,0.542,4.4,1.0,474,0.527,6.3,0.6,16,1,False
9,19,-3.5,0.5283,3.5,0.5192,24,0.583,4.8,2.3,15,0.4,-1.5,-1.1,20,0.35,-6.2,-4.7,10,0.3,-8.2,-6.4,-3.5,3.5,1791,0.498,-1.4,-0.1,895,0.511,-4.0,0.1,1810,0.504,-1.1,0.1,896,0.509,1.6,-0.1,-3.5,3.5,842,0.508,-3.4,-0.1,420,0.528,-5.6,0.1,889,0.522,-0.1,0.4,437,0.557,2.8,0.8,21,22,True
18,21,5.5,0.5283,-5.5,0.5192,22,0.364,-4.3,-6.6,12,0.25,-9.9,-10.6,23,0.435,-1.8,-0.9,11,0.364,-0.7,-2.0,5.5,-5.5,1886,0.47,0.3,-0.5,928,0.472,-3.1,-1.0,1829,0.483,-1.4,-0.4,911,0.496,1.5,-0.4,5.5,-5.5,873,0.47,-1.9,-0.5,422,0.465,-5.0,-1.0,883,0.485,-0.9,-0.5,439,0.501,1.8,-0.4,13,0,False
20,22,-3.5,0.5192,3.5,0.5283,23,0.318,-4.8,-6.5,13,0.231,-9.4,-8.9,23,0.522,-3.5,1.4,10,0.5,-6.3,-2.2,-3.5,3.5,1844,0.508,0.6,0.3,917,0.496,-2.8,-0.2,1802,0.5,-0.4,0.1,899,0.484,1.6,-0.7,-3.5,3.5,870,0.51,0.3,0.3,430,0.5,-2.5,-0.1,843,0.49,-1.9,-0.4,420,0.48,-0.7,-1.4,11,4,False
29,28,2.5,0.5192,-2.5,0.5283,21,0.429,-10.3,-3.0,10,0.5,-10.3,-1.3,22,0.571,-8.1,0.2,10,0.6,-5.5,1.3,2.5,-2.5,1806,0.504,1.0,0.1,897,0.488,-2.9,-0.5,1791,0.493,-1.2,-0.3,885,0.499,2.1,-0.1,2.5,-2.5,872,0.512,2.0,0.4,429,0.511,-1.1,0.0,876,0.492,-1.4,-0.4,428,0.495,1.6,-0.1,28,24,False
7,2,6.5,0.5283,-6.5,0.5192,23,0.652,8.0,5.5,9,0.556,4.2,5.5,23,0.391,10.1,0.2,12,0.333,8.8,-1.4,6.5,-6.5,1811,0.514,-0.3,0.3,899,0.504,-3.1,0.5,1960,0.518,3.0,0.6,974,0.494,5.2,0.1,6.5,-6.5,871,0.511,-0.5,0.3,428,0.486,-3.2,-0.1,965,0.542,4.4,1.0,475,0.526,6.3,0.6,14,1,False
15,13,6.0,0.5283,-6.0,0.5192,21,0.381,-0.2,-1.5,9,0.444,-3.7,-2.4,20,0.45,2.3,1.1,9,0.444,5.4,1.9,6.0,-6.0,1825,0.501,0.5,-0.1,902,0.515,-2.2,0.1,1955,0.513,1.8,0.1,965,0.493,4.6,-0.1,6.0,-6.0,872,0.491,-1.3,-0.6,427,0.495,-3.7,-0.4,915,0.514,0.8,0.2,441,0.474,2.9,-0.6,23,15,True
4,23,-8.5,0.5192,8.5,0.5283,23,0.636,7.7,3.9,12,0.636,4.3,3.4,23,0.652,-4.8,3.0,11,0.727,-3.5,2.8,-8.5,8.5,1875,0.516,2.1,0.2,934,0.547,-0.6,0.5,1813,0.506,0.4,0.3,899,0.493,3.0,0.0,-8.5,8.5,889,0.517,0.7,0.5,439,0.545,-1.4,0.9,909,0.503,2.3,0.2,447,0.499,4.5,0.0,6,27,True
24,5,9.0,0.5192,-9.0,0.5283,24,0.478,-3.0,0.7,13,0.583,0.1,4.4,22,0.524,7.5,1.5,10,0.667,15.2,6.5,9.0,-9.0,1815,0.492,-1.1,-0.2,907,0.494,-3.7,0.0,1756,0.508,-2.0,0.2,877,0.493,0.2,-0.3,9.0,-9.0,826,0.489,-3.6,-0.1,415,0.483,-6.0,-0.3,845,0.505,-2.2,0.5,422,0.484,-0.5,0.0,8,19,False
3,26,-13.0,0.5283,13.0,0.5192,23,0.739,10.6,3.7,9,0.667,6.7,2.7,22,0.591,-5.5,0.8,13,0.615,-2.2,3.0,-13.0,13.0,1873,0.493,0.3,-0.3,932,0.488,-2.8,-0.5,1636,0.493,-3.5,-0.1,816,0.493,-0.6,0.0,-13.0,13.0,916,0.476,0.7,-0.4,453,0.461,-1.9,-0.6,824,0.486,-2.7,-0.3,410,0.482,-0.4,-0.4,5,3,False
1,28,-8.0,0.5238,8.0,0.5238,22,0.591,12.0,4.0,11,0.636,11.7,5.9,23,0.348,-12.1,-7.4,11,0.546,-4.6,-2.0,-8.0,8.0,1845,0.525,1.0,0.3,912,0.526,-2.1,0.2,1767,0.501,-1.1,0.2,879,0.504,1.4,-0.1,-8.0,8.0,875,0.523,1.2,0.4,430,0.519,-1.6,-0.1,851,0.499,-0.6,0.3,421,0.504,1.4,0.1,20,18,False
11,30,-14.0,0.5283,14.0,0.5192,20,0.368,1.1,-1.3,10,0.4,2.2,1.6,20,0.263,-16.9,-6.3,10,0.2,-17.1,-7.4,-14.0,14.0,1851,0.513,1.9,0.1,911,0.502,-2.0,-0.3,1779,0.473,-2.5,-0.4,883,0.466,0.6,0.0,-14.0,14.0,901,0.496,1.5,-0.1,434,0.492,-1.6,-0.6,856,0.474,-2.3,-0.6,422,0.489,0.6,0.1,7,29,True
